"","PREDATOR","PREY"
"1","ACA_SPP","AUT_FLA"
"2","ACA_SPP","DIATOM"
"3","ACA_SPP","HET_FLA"
"4","ACA_SPP","MIX_FLA"
"5","ACA_SPP","PROZOO"
"6","ACT_G_SP","AUT_FLA"
"7","ACT_G_SP","DIATOM"
"8","ACT_G_SP","GAM_IND"
"9","ACT_G_SP","HET_FLA"
"10","ACT_G_SP","MAC_IND"
"11","ACT_G_SP","POL_IND"
"12","AGL_DIG","CAL_FIN"
"13","AGL_DIG","OIT_SIM"
"14","AGL_DIG","ONC_BOR"
"15","AGL_MAL","LUM_MIN"
"16","AGL_MAL","LUM_SP"
"17","AGL_MAL","POL_IND"
"18","AGL_MAL","POLY_IND"
"19","AGO_CAT","CHL_ISL"
"20","AGO_CAT","GAM_IND"
"21","AGO_CAT","OPH_ACU"
"22","AGO_CAT","OPH_BID"
"23","AGO_CAT","OPH_SER"
"24","AGO_CAT","OPH_SP"
"25","AGO_CAT","OST_IND"
"26","AGO_CAT","PAG_SP"
"27","AGO_CAT","POL_IND"
"28","AGO_CAT","THE_ABY"
"29","AGO_CAT","THE_LIB"
"30","AGO_CAT","THY_INE"
"31","AGO_CAT","THY_LON"
"32","ALL_ALL","ACA_SPP"
"33","ALL_ALL","APH_GLA"
"34","ALL_ALL","BEN_LAR"
"35","ALL_ALL","CAL_FIN"
"36","ALL_ALL","CAL_GLA"
"37","ALL_ALL","CAL_HYP"
"38","ALL_ALL","CLI_LIM"
"39","ALL_ALL","FI_LA"
"40","ALL_ALL","FRI_BOR"
"41","ALL_ALL","GAM_WIL"
"42","ALL_ALL","LIM_HEL"
"43","ALL_ALL","LIM_RET"
"44","ALL_ALL","MEG_NOR"
"45","ALL_ALL","MET_LON"
"46","ALL_ALL","MIC_SPP"
"47","ALL_ALL","OIK_DIO"
"48","ALL_ALL","OIK_SPP"
"49","ALL_ALL","OIK_VAN"
"50","ALL_ALL","OIT_SIM"
"51","ALL_ALL","OIT_SPI"
"52","ALL_ALL","ONC_BOR"
"53","ALL_ALL","OST_IND"
"54","ALL_ALL","PAR_NOR"
"55","ALL_ALL","PAR_SPP"
"56","ALL_ALL","PSE_SPP"
"57","ALL_ALL","SAB_SP"
"58","ALL_ALL","SAG_SPP"
"59","ALL_ALL","THE_ABY"
"60","ALL_ALL","THE_LIB"
"61","ALL_ALL","THY_INE"
"62","ALL_ALL","THY_LON"
"63","ALL_ALL","THY_RAS"
"64","AMB_HYP","ARC_RIS"
"65","AMB_HYP","CLU_HAR"
"66","AMB_HYP","COT_MIC"
"67","AMB_HYP","FOR_IND"
"68","AMB_HYP","GAD_MOR"
"69","AMB_HYP","HIP_PLA"
"70","AMB_HYP","LYC_ESM"
"71","AMB_HYP","LYC_EUD"
"72","AMB_HYP","LYC_GRA"
"73","AMB_HYP","LYC_KOL"
"74","AMB_HYP","LYC_PAL"
"75","AMB_HYP","LYC_RET"
"76","AMB_HYP","LYC_ROS"
"77","AMB_HYP","LYC_SEM"
"78","AMB_HYP","MAC_BER"
"79","AMB_HYP","MAL_VIL"
"80","AMB_HYP","MEL_AEG"
"81","AMB_HYP","MIC_POU"
"82","AMB_HYP","PAN_BOR"
"83","AMB_HYP","POL_IND"
"84","AMB_HYP","REI_HIP"
"85","AMB_HYP","ROS_SP"
"86","AMB_HYP","SEB_MAR"
"87","AMB_HYP","SEB_MEN"
"88","AMB_HYP","SEB_SPP"
"89","AMB_HYP","THE_ABY"
"90","AMB_HYP","THE_LIB"
"91","AMB_HYP","THY_INE"
"92","AMB_HYP","THY_LON"
"93","AMB_HYP","MEG_NOR"
"94","AMB_HYP","BOR_SAI"
"95","AMB_HYP","ISO_IND"
"96","AMB_HYP","DET_IND"
"97","AMB_RAD","AMB_RAD"
"98","AMB_RAD","AMM_SPP"
"99","AMB_RAD","ANA_DEN"
"100","AMB_RAD","ANA_LUP"
"101","AMB_RAD","ANA_MIN"
"102","AMB_RAD","ARC_RIS"
"103","AMB_RAD","ARR_PHY"
"104","AMB_RAD","ART_ATL"
"105","AMB_RAD","BOR_SAI"
"106","AMB_RAD","BRO_BRO"
"107","AMB_RAD","CHI_OPI"
"108","AMB_RAD","CLU_HAR"
"109","AMB_RAD","COT_MIC"
"110","AMB_RAD","CUC_FRO"
"111","AMB_RAD","ELE_ARC"
"112","AMB_RAD","EUP_FLAM"
"113","AMB_RAD","GAD_MOR"
"114","AMB_RAD","GAM_IND"
"115","AMB_RAD","GLY_CYN"
"116","AMB_RAD","GON_FAB"
"117","AMB_RAD","HIP_PLA"
"118","AMB_RAD","HYA_SP"
"119","AMB_RAD","LEP_DEC"
"120","AMB_RAD","LIP_FAB"
"121","AMB_RAD","LIP_GIB"
"122","AMB_RAD","LIP_MON"
"123","AMB_RAD","LUM_LAM"
"124","AMB_RAD","LUM_SP"
"125","AMB_RAD","LYC_ESM"
"126","AMB_RAD","MAC_BER"
"127","AMB_RAD","MAL_VIL"
"128","AMB_RAD","MEG_NOR"
"129","AMB_RAD","MEL_AEG"
"130","AMB_RAD","MER_MER"
"131","AMB_RAD","MET_LON"
"132","AMB_RAD","MIC_POU"
"133","AMB_RAD","OPH_SP"
"134","AMB_RAD","PAG_SP"
"135","AMB_RAD","PAN_BOR"
"136","AMB_RAD","PAR_CAM"
"137","AMB_RAD","POL_IND"
"138","AMB_RAD","POL_VIR"
"139","AMB_RAD","PON_NOR"
"140","AMB_RAD","PYC_G_SP"
"141","AMB_RAD","REI_HIP"
"142","AMB_RAD","RHA_SP"
"143","AMB_RAD","ROS_SP"
"144","AMB_RAD","SAB_SP"
"145","AMB_RAD","SEB_MAR"
"146","AMB_RAD","SEB_MEN"
"147","AMB_RAD","SEB_SPP"
"148","AMB_RAD","THE_ABY"
"149","AMB_RAD","THE_LIB"
"150","AMB_RAD","THY_INE"
"151","AMB_RAD","THY_LON"
"152","AMB_RAD","THY_RAS"
"153","AMB_RAD","TRI_ESM"
"154","AMB_RAD","TRI_MUR"
"155","AMB_RAD","TRI_NYB"
"156","AMB_RAD","ULC_OLR"
"157","AMB_RAD","SIM_GRE"
"158","AMB_RAD","LEP_MAC"
"159","AMB_RAD","SCL_SP"
"160","AMB_RAD","ISO_IND"
"161","AMB_RAD","OPH_SER"
"162","AMB_RAD","DET_IND"
"163","AMM_SPP","ACA_SPP"
"164","AMM_SPP","CAL_FIN"
"165","AMM_SPP","CAL_GLA"
"166","AMM_SPP","CAL_HYP"
"167","AMM_SPP","FI_LA"
"168","AMM_SPP","MET_LON"
"169","AMM_SPP","MET_LUC"
"170","AMM_SPP","MIC_SPP"
"171","AMM_SPP","OIK_SPP"
"172","AMM_SPP","OIT_SIM"
"173","AMM_SPP","ONC_BOR"
"174","AMM_SPP","PSE_SPP"
"175","AMM_SPP","SAG_SPP"
"176","AMM_SPP","THE_ABY"
"177","AMM_SPP","THY_LON"
"178","AMM_SPP","THY_INE"
"179","ANA_DEN","ANA_LUP"
"180","ANA_DEN","AUR_AUR"
"181","ANA_DEN","BER_SP"
"182","ANA_DEN","BOL_INF"
"183","ANA_DEN","CAL_FIN"
"184","ANA_DEN","CAL_GLA"
"185","ANA_DEN","CAL_HYP"
"186","ANA_DEN","CTE_CRI"
"187","ANA_DEN","EUP_FLAM"
"188","ANA_DEN","GOR_SP"
"189","ANA_DEN","MEL_AEG"
"190","ANA_DEN","MER_OVU"
"191","ANA_DEN","MIC_POU"
"192","ANA_DEN","OPH_BID"
"193","ANA_DEN","OPH_SP"
"194","ANA_DEN","PAG_SP"
"195","ANA_DEN","PAN_BOR"
"196","ANA_DEN","POL_IND"
"197","ANA_DEN","SAB_SP"
"198","ANA_DEN","SAG_SPP"
"199","ANA_DEN","SEB_SPP"
"200","ANA_DEN","BAT_GLA"
"201","ANA_DEN","BUC_SP"
"202","ANA_DEN","HYD_IND"
"203","ANA_DEN","ISO_IND"
"204","ANA_DEN","PYC_G_SP"
"205","ANA_DEN","SPI_TYP"
"206","ANA_DEN","STRO_SP"
"207","ANA_DEN","HIP_PLA"
"208","ANA_DEN","GAD_MOR"
"209","ANA_DEN","OPH_GLA"
"210","ANA_LUP","ASC_G_SP"
"211","ANA_LUP","AST_SP"
"212","ANA_LUP","BAL_SP"
"213","ANA_LUP","BRY_IND"
"214","ANA_LUP","BUC_SP"
"215","ANA_LUP","CAL_FIN"
"216","ANA_LUP","CAL_GLA"
"217","ANA_LUP","CAL_HYP"
"218","ANA_LUP","CHL_ISL"
"219","ANA_LUP","COL_SP"
"220","ANA_LUP","CTE_CRI"
"221","ANA_LUP","FI_LA"
"222","ANA_LUP","GAD_MOR"
"223","ANA_LUP","MAC_SP"
"224","ANA_LUP","MEG_NOR"
"225","ANA_LUP","OPH_BID"
"226","ANA_LUP","OPH_SP"
"227","ANA_LUP","PAG_SP"
"228","ANA_LUP","PAN_BOR"
"229","ANA_LUP","POL_IND"
"230","ANA_LUP","PON_NOR"
"231","ANA_LUP","POR_G_SP"
"232","ANA_LUP","SAB_SP"
"233","ANA_LUP","STRO_SP"
"234","ANA_LUP","THY_INE"
"235","ANA_LUP","THY_LON"
"236","ANA_LUP","THY_RAS"
"237","ANA_LUP","MYA_TRU"
"238","ANA_LUP","HIA_ARC"
"239","ANA_LUP","ISO_IND"
"240","ANA_LUP","OPH_ACU"
"241","ANA_LUP","SPI_TYP"
"242","ANA_LUP","ACT_G_SP"
"243","ANA_LUP","BAT_GLA"
"244","ANA_LUP","MUN_SPP"
"245","ANA_LUP","SIM_GRE"
"246","ANA_MIN","BUC_SP"
"247","ANA_MIN","CAL_FIN"
"248","ANA_MIN","CAL_GLA"
"249","ANA_MIN","CAL_HYP"
"250","ANA_MIN","CTE_CRI"
"251","ANA_MIN","GAD_MOR"
"252","ANA_MIN","MEG_NOR"
"253","ANA_MIN","MEL_AEG"
"254","ANA_MIN","MIC_POU"
"255","ANA_MIN","OPH_ACU"
"256","ANA_MIN","OPH_SP"
"257","ANA_MIN","PAG_SP"
"258","ANA_MIN","PAN_BOR"
"259","ANA_MIN","POL_IND"
"260","ANA_MIN","POR_G_SP"
"261","ANA_MIN","SAB_SP"
"262","ANA_MIN","SEB_SPP"
"263","ANA_MIN","STRO_SP"
"264","ANA_MIN","THY_INE"
"265","ANA_MIN","THY_LON"
"266","ANA_MIN","THY_RAS"
"267","ANA_MIN","AST_SP"
"268","ANA_MIN","CHL_ISL"
"269","ANA_MIN","COL_SP"
"270","ANA_MIN","CYA_CAP"
"271","ANA_MIN","SPI_TYP"
"272","ANA_MIN","HIP_PLA"
"273","ANA_MIN","HYA_SP"
"274","ANA_MIN","HYD_IND"
"275","ANA_MIN","LUM_LAM"
"276","ANA_MIN","MAL_VIL"
"277","ANI_MED","CAL_GLA"
"278","ANI_MED","OIT_SPI"
"279","ANI_MED","ONC_BOR"
"280","ANI_MED","PSE_SPP"
"281","ANI_MED","POLY_IND"
"282","ANO_SPP","POL_IND"
"283","ANO_SPP","DET_IND"
"284","APH_GLA","BAC_IND"
"285","APH_GLA","DET_IND"
"286","APH_GLA","ICE_ALG"
"287","APH_GLA","PHY_IND"
"288","APH_MAR","DET_IND"
"289","APH_MAR","DIATOM"
"290","APH_MAR","FI_LA"
"291","APH_MAR","PHY_IND"
"292","ARC_GLA","CAL_HYP"
"293","ARC_GLA","PSE_SPP"
"294","ARC_GLA","THE_ABY"
"295","ARC_GLA","THE_LIB"
"296","ARC_RIS","GON_FAB"
"297","ARC_RIS","MEG_NOR"
"298","ARC_RIS","THE_ABY"
"299","ARC_RIS","THE_LIB"
"300","ARG_SP","LUM_SP"
"301","ARG_SP","MEG_NOR"
"302","ARG_SP","OIK_SPP"
"303","ARG_SP","SCA_INF"
"304","ARG_SP","HYD_IND"
"305","ARG_SP","FOR_IND"
"306","ARG_SP","THE_LIB"
"307","ARG_SP","POL_IND"
"308","ARG_SP","BOL_INF"
"309","ARG_SP","MER_OVU"
"310","ARR_PHY","DET_IND"
"311","ART_ATL","GON_FAB"
"312","ART_ATL","MAL_VIL"
"313","ART_ATL","OPH_SP"
"314","ART_ATL","POL_IND"
"315","ART_ATL","THE_ABY"
"316","ART_ATL","THE_LIB"
"317","ART_ATL","ISO_IND"
"318","ART_ATL","BAT_GLA"
"319","ART_ATL","BUC_SP"
"320","ART_ATL","CAL_FIN"
"321","ART_ATL","COL_SP"
"322","ART_ATL","FOR_IND"
"323","ART_ATL","GAM_IND"
"324","ART_ATL","MAL_SAR"
"325","ART_ATL","MEG_NOR"
"326","ART_ATL","MET_LON"
"327","ART_ATL","OST_IND"
"328","ART_ATL","POR_G_SP"
"329","ART_ATL","PYC_G_SP"
"330","ART_ATL","YOL_SOL"
"331","ART_ATL","SAG_SPP"
"332","ART_ATL","SPI_TYP"
"333","ASC_G_SP","BAC_IND"
"334","ASC_G_SP","DET_IND"
"335","ASC_G_SP","PHY_IND"
"336","AST_RUB","AST_RUB"
"337","AST_RUB","BAL_SP"
"338","AST_RUB","CRO_PAP"
"339","AST_RUB","OPH_ACU"
"340","AST_RUB","OPH_BID"
"341","AST_RUB","OPH_SP"
"342","AST_RUB","STRO_SP"
"343","AST_SP","DET_IND"
"344","AST_SP","PHY_IND"
"345","AUR_AUR","CAL_FIN"
"346","AUR_AUR","CAL_GLA"
"347","AUR_AUR","CAL_HYP"
"348","AUR_AUR","MET_LON"
"349","AUR_AUR","MIC_SPP"
"350","AUR_AUR","OIT_SIM"
"351","AUR_AUR","PSE_SPP"
"352","BAL_ACU","AMM_SPP"
"353","BAL_ACU","ART_ATL"
"354","BAL_ACU","BEN_GLA"
"355","BAL_ACU","BOR_SAI"
"356","BAL_ACU","CAL_FIN"
"357","BAL_ACU","CAL_GLA"
"358","BAL_ACU","CAL_HYP"
"359","BAL_ACU","CLU_HAR"
"360","BAL_ACU","FI_LA"
"361","BAL_ACU","GAD_MOR"
"362","BAL_ACU","GLY_CYN"
"363","BAL_ACU","GYM_TRI"
"364","BAL_ACU","ICE_SPP"
"365","BAL_ACU","LYC_ESM"
"366","BAL_ACU","LYC_RET"
"367","BAL_ACU","LYC_SEM"
"368","BAL_ACU","MAL_VIL"
"369","BAL_ACU","MAU_MUE"
"370","BAL_ACU","MEG_NOR"
"371","BAL_ACU","MEL_AEG"
"372","BAL_ACU","MIC_POU"
"373","BAL_ACU","MYO_SCO"
"374","BAL_ACU","POL_VIR"
"375","BAL_ACU","SCO_SCO"
"376","BAL_ACU","SEB_MEN"
"377","BAL_ACU","SEB_SPP"
"378","BAL_ACU","THE_ABY"
"379","BAL_ACU","THE_LIB"
"380","BAL_ACU","THY_INE"
"381","BAL_ACU","THY_LON"
"382","BAL_ACU","THY_RAS"
"383","BAL_ACU","TRI_MUR"
"384","BAL_ACU","TRI_NYB"
"385","BAL_ACU","TRI_PIN"
"386","BAL_MUS","MEG_NOR"
"387","BAL_MUS","NEM_MEG"
"388","BAL_MUS","NYC_COU"
"389","BAL_MUS","THY_INE"
"390","BAL_MUS","THY_LON"
"391","BAL_MUS","THY_RAS"
"392","BAL_MYS","ACA_SPP"
"393","BAL_MYS","ARR_PHY"
"394","BAL_MYS","CAL_FIN"
"395","BAL_MYS","CAL_GLA"
"396","BAL_MYS","CAL_HYP"
"397","BAL_MYS","GAM_IND"
"398","BAL_MYS","GAM_WIL"
"399","BAL_MYS","MEG_NOR"
"400","BAL_MYS","MET_LON"
"401","BAL_MYS","MET_LUC"
"402","BAL_MYS","MIC_SPP"
"403","BAL_MYS","NEM_MEG"
"404","BAL_MYS","NYC_COU"
"405","BAL_MYS","OIT_SPI"
"406","BAL_MYS","OIT_SIM"
"407","BAL_MYS","ONC_BOR"
"408","BAL_MYS","PAR_GLA"
"409","BAL_MYS","PAR_NOR"
"410","BAL_MYS","PAR_SPP"
"411","BAL_MYS","PSE_SPP"
"412","BAL_MYS","THY_INE"
"413","BAL_MYS","THY_LON"
"414","BAL_MYS","THY_RAS"
"415","BAL_PHY","ACA_SPP"
"416","BAL_PHY","AMM_SPP"
"417","BAL_PHY","CAL_FIN"
"418","BAL_PHY","CAL_GLA"
"419","BAL_PHY","CAL_HYP"
"420","BAL_PHY","CLU_HAR"
"421","BAL_PHY","FI_LA"
"422","BAL_PHY","GON_FAB"
"423","BAL_PHY","MAL_VIL"
"424","BAL_PHY","MEG_NOR"
"425","BAL_PHY","MET_LON"
"426","BAL_PHY","MET_LUC"
"427","BAL_PHY","MIC_SPP"
"428","BAL_PHY","MIC_POU"
"429","BAL_PHY","NEM_MEG"
"430","BAL_PHY","NYC_COU"
"431","BAL_PHY","OIT_SPI"
"432","BAL_PHY","OIT_SIM"
"433","BAL_PHY","ONC_BOR"
"434","BAL_PHY","PAR_GLA"
"435","BAL_PHY","PAR_NOR"
"436","BAL_PHY","PAR_SPP"
"437","BAL_PHY","PSE_SPP"
"438","BAL_PHY","SCO_SCO"
"439","BAL_PHY","THY_INE"
"440","BAL_PHY","THY_LON"
"441","BAL_PHY","THY_RAS"
"442","BAL_SP","DET_IND"
"443","BAT_GLA","DET_IND"
"444","BAT_SPI","ANA_MIN"
"445","BAT_SPI","GAM_IND"
"446","BAT_SPI","HIP_PLA"
"447","BAT_SPI","LUM_LAM"
"448","BAT_SPI","MAC_BER"
"449","BAT_SPI","MEG_NOR"
"450","BAT_SPI","MEL_AEG"
"451","BAT_SPI","MIC_POU"
"452","BAT_SPI","PAN_BOR"
"453","BAT_SPI","POL_IND"
"454","BAT_SPI","REI_HIP"
"455","BAT_SPI","SEB_MAR"
"456","BAT_SPI","SEB_MEN"
"457","BAT_SPI","SEB_SPP"
"458","BAT_SPI","THY_INE"
"459","BEN_GLA","GAM_IND"
"460","BEN_GLA","OST_IND"
"461","BEN_LAR","BAC_IND"
"462","BEN_LAR","PHY_IND"
"463","BER_SP","ACA_SPP"
"464","BER_SP","BAC_IND"
"465","BER_SP","BOL_INF"
"466","BER_SP","CAL_FIN"
"467","BER_SP","MIC_SPP"
"468","BER_SP","OIT_SIM"
"469","BER_SP","OIT_SPI"
"470","BER_SP","ONC_BOR"
"471","BER_SP","PSE_SPP"
"472","BOL_INF","CAL_FIN"
"473","BOL_INF","CAL_GLA"
"474","BOL_INF","CAL_HYP"
"475","BOL_INF","MET_LON"
"476","BOL_INF","MIC_SPP"
"477","BOL_INF","OIT_SIM"
"478","BOL_INF","PSE_SPP"
"479","BOR_SAI","ACA_SPP"
"480","BOR_SAI","APH_GLA"
"481","BOR_SAI","CAL_FIN"
"482","BOR_SAI","CAL_GLA"
"483","BOR_SAI","CAL_HYP"
"484","BOR_SAI","ERY_SP"
"485","BOR_SAI","GAM_IND"
"486","BOR_SAI","GAM_WIL"
"487","BOR_SAI","LIM_HEL"
"488","BOR_SAI","MAL_VIL"
"489","BOR_SAI","MEG_NOR"
"490","BOR_SAI","MET_LON"
"491","BOR_SAI","MIC_SPP"
"492","BOR_SAI","OIK_SPP"
"493","BOR_SAI","OIT_SIM"
"494","BOR_SAI","ONI_GLA"
"495","BOR_SAI","ONI_NAN"
"496","BOR_SAI","OST_IND"
"497","BOR_SAI","PAN_BOR"
"498","BOR_SAI","PAR_GLA"
"499","BOR_SAI","PAR_NOR"
"500","BOR_SAI","POL_IND"
"501","BOR_SAI","PON_NOR"
"502","BOR_SAI","PSE_SPP"
"503","BOR_SAI","SAB_SP"
"504","BOR_SAI","SAG_SPP"
"505","BOR_SAI","SPI_TYP"
"506","BOR_SAI","THE_ABY"
"507","BOR_SAI","THE_LIB"
"508","BOR_SAI","THY_INE"
"509","BOR_SAI","THY_LON"
"510","BOR_SAI","THY_RAS"
"511","BRO_BRO","ARR_PHY"
"512","BRO_BRO","GAM_IND"
"513","BRO_BRO","MAU_MUE"
"514","BRO_BRO","MIC_POU"
"515","BRO_BRO","PAN_BOR"
"516","BRO_BRO","RHA_SP"
"517","BRO_BRO","SEB_MAR"
"518","BRO_BRO","SEB_MEN"
"519","BRO_BRO","SEB_SPP"
"520","BRO_BRO","ISO_IND"
"521","BRO_BRO","HYA_SP"
"522","BRO_BRO","PAG_SP"
"523","BRO_BRO","TRI_MUR"
"524","BRO_BRO","MUN_SPP"
"525","BRY_IND","DET_IND"
"526","BRY_IND","PHY_IND"
"527","BUC_SP","DET_IND"
"528","CAL_FIN","AUT_FLA"
"529","CAL_FIN","BEN_LAR"
"530","CAL_FIN","CAL_FIN"
"531","CAL_FIN","DET_IND"
"532","CAL_FIN","DIATOM"
"533","CAL_FIN","FOR_IND"
"534","CAL_FIN","HET_FLA"
"535","CAL_FIN","PHY_IND"
"536","CAL_FIN","PROZOO"
"537","CAL_GLA","DIATOM"
"538","CAL_GLA","FOR_IND"
"539","CAL_GLA","PHY_IND"
"540","CAL_GLA","PROZOO"
"541","CAL_HYP","DIATOM"
"542","CAL_HYP","FOR_IND"
"543","CAL_HYP","PHY_IND"
"544","CAL_HYP","PROZOO"
"545","CAR_SPP","CAR_SPP"
"546","CAR_SPP","MAL_VIL"
"547","CAR_SPP","PAN_BOR"
"548","CAR_SPP","SCL_SP"
"549","CAR_SPP","THE_ABY"
"550","CAR_SPP","THE_LIB"
"551","CAR_SPP","THY_INE"
"552","CAR_SPP","GAM_IND"
"553","CAR_SPP","ISO_IND"
"554","CAR_SPP","POL_IND"
"555","CAR_SPP","ANO_SPP"
"556","CHA_SP","CIR_IND"
"557","CHA_SP","DET_IND"
"558","CHA_SP","PHY_IND"
"559","CHI_OPI","AST_SP"
"560","CHI_OPI","BRY_IND"
"561","CHI_OPI","CAL_FIN"
"562","CHI_OPI","CHI_OPI"
"563","CHI_OPI","CHO_SP"
"564","CHI_OPI","DET_IND"
"565","CHI_OPI","DIATOM"
"566","CHI_OPI","EUM_SPI"
"567","CHI_OPI","FOR_IND"
"568","CHI_OPI","GAL_SP"
"569","CHI_OPI","HYA_SP"
"570","CHI_OPI","MAC_SP"
"571","CHI_OPI","MAL_SAR"
"572","CHI_OPI","MAL_VIL"
"573","CHI_OPI","MYR_HEE"
"574","CHI_OPI","OIT_SIM"
"575","CHI_OPI","OIT_SPI"
"576","CHI_OPI","OPH_ACU"
"577","CHI_OPI","OPH_BID"
"578","CHI_OPI","OPH_BOR"
"579","CHI_OPI","OPH_SER"
"580","CHI_OPI","OPH_SP"
"581","CHI_OPI","PAG_SP"
"582","CHI_OPI","PAN_BOR"
"583","CHI_OPI","PHA_STR"
"584","CHI_OPI","POL_IND"
"585","CHI_OPI","POR_G_SP"
"586","CHI_OPI","SIM_GRE"
"587","CHI_OPI","SPI_TYP"
"588","CHI_OPI","STRO_SP"
"589","CHI_OPI","YOL_SOL"
"590","CHI_OPI","BAT_GLA"
"591","CHI_OPI","HIA_ARC"
"592","CHI_OPI","MYA_TRU"
"593","CHI_OPI","ACT_G_SP"
"594","CHI_OPI","HYD_IND"
"595","CHI_OPI","LUM_SP"
"596","CHI_OPI","AGL_MAL"
"597","CHI_OPI","NEP_SP"
"598","CHI_OPI","POLY_IND"
"599","CHI_OPI","CIR_IND"
"600","CHI_OPI","GAM_IND"
"601","CHI_OPI","SAB_SP"
"602","CHI_OPI","SCL_SP"
"603","CHI_OPI","OST_IND"
"604","CHI_OPI","BUC_SP"
"605","CHI_OPI","ASC_G_SP"
"606","CHI_OPI","GON_FAB"
"607","CHI_OPI","CYC_LUM"
"608","CHI_OPI","BAL_SP"
"609","CHL_ISL","AUT_FLA"
"610","CHL_ISL","HET_FLA"
"611","CHO_SP","AUT_FLA"
"612","CHO_SP","DET_IND"
"613","CIO_INT","AUT_FLA"
"614","CIO_INT","DIATOM"
"615","CIO_INT","HET_FLA"
"616","CIR_IND","DET_IND"
"617","CIR_IND","DIATOM"
"618","CIR_IND","FOR_IND"
"619","CIR_IND","PROZOO"
"620","CLI_LIM","LIM_HEL"
"621","CLU_HAR","ACA_SPP"
"622","CLU_HAR","AGL_DIG"
"623","CLU_HAR","AMM_SPP"
"624","CLU_HAR","BEN_LAR"
"625","CLU_HAR","BER_SP"
"626","CLU_HAR","CAL_FIN"
"627","CLU_HAR","CAL_GLA"
"628","CLU_HAR","CAL_HYP"
"629","CLU_HAR","CLI_LIM"
"630","CLU_HAR","CLU_HAR"
"631","CLU_HAR","DIATOM"
"632","CLU_HAR","FRI_BOR"
"633","CLU_HAR","HET_FLA"
"634","CLU_HAR","LIM_RET"
"635","CLU_HAR","MAL_VIL"
"636","CLU_HAR","MEG_NOR"
"637","CLU_HAR","MET_LON"
"638","CLU_HAR","MET_LUC"
"639","CLU_HAR","MYO_SCO"
"640","CLU_HAR","OIK_SPP"
"641","CLU_HAR","OIK_VAN"
"642","CLU_HAR","OIT_SIM"
"643","CLU_HAR","ONC_BOR"
"644","CLU_HAR","PAR_NOR"
"645","CLU_HAR","PHY_IND"
"646","CLU_HAR","PROZOO"
"647","CLU_HAR","PSE_SPP"
"648","CLU_HAR","SAG_SPP"
"649","CLU_HAR","THE_ABY"
"650","CLU_HAR","THE_LIB"
"651","CLU_HAR","THY_INE"
"652","CLU_HAR","THY_LON"
"653","CLU_HAR","THY_RAS"
"654","COL_SP","DET_IND"
"655","COT_MIC","OPH_ACU"
"656","COT_MIC","OPH_SP"
"657","COT_MIC","POL_IND"
"658","COT_MIC","PYC_G_SP"
"659","COT_MIC","GAM_IND"
"660","CRO_PAP","AST_RUB"
"661","CRO_PAP","BAL_SP"
"662","CRO_PAP","OPH_ACU"
"663","CRO_PAP","OPH_BID"
"664","CRO_PAP","OPH_SP"
"665","CRO_PAP","STRO_SP"
"666","CTE_CRI","DET_IND"
"667","CUC_FRO","DET_IND"
"668","CUC_FRO","DIATOM"
"669","CUC_FRO","PHY_IND"
"670","CYA_CAP","ACA_SPP"
"671","CYA_CAP","AGL_DIG"
"672","CYA_CAP","AUR_AUR"
"673","CYA_CAP","BAC_IND"
"674","CYA_CAP","BER_SP"
"675","CYA_CAP","BOL_INF"
"676","CYA_CAP","CAL_FIN"
"677","CYA_CAP","CAL_HYP"
"678","CYA_CAP","DIM_ARC"
"679","CYA_CAP","EUK_HAM"
"680","CYA_CAP","FI_LA"
"681","CYA_CAP","FRI_BOR"
"682","CYA_CAP","MIC_SPP"
"683","CYA_CAP","OIK_DIO"
"684","CYA_CAP","OIK_SPP"
"685","CYA_CAP","OIT_SIM"
"686","CYA_CAP","OIT_SPI"
"687","CYA_CAP","ONC_BOR"
"688","CYA_CAP","PSE_SPP"
"689","CYA_CAP","SAG_SPP"
"690","CYA_CAP","SAR_SPP"
"691","CYA_CAP","THE_LIB"
"692","CYC_LUM","APH_GLA"
"693","CYC_LUM","ASC_G_SP"
"694","CYC_LUM","GAM_WIL"
"695","CYC_LUM","ONI_GLA"
"696","CYC_LUM","ONI_NAN"
"697","CYC_LUM","OPH_ACU"
"698","CYC_LUM","OPH_SP"
"699","CYC_LUM","THE_LIB"
"700","CYC_LUM","AGL_DIG"
"701","CYC_LUM","HYA_SP"
"702","CYC_LUM","HYD_IND"
"703","CYC_LUM","LEP_DEC"
"704","CYC_LUM","LIM_HEL"
"705","CYC_LUM","MAL_VIL"
"706","CYC_LUM","BER_SP"
"707","CYC_LUM","BOL_INF"
"708","CYC_LUM","MER_OVU"
"709","CYC_LUM","MEG_NOR"
"710","CYS_CRI","AMM_SPP"
"711","CYS_CRI","ART_ATL"
"712","CYS_CRI","BOR_SAI"
"713","CYS_CRI","CAR_SPP"
"714","CYS_CRI","CLU_HAR"
"715","CYS_CRI","CYC_LUM"
"716","CYS_CRI","EUM_SPI"
"717","CYS_CRI","GAD_MOR"
"718","CYS_CRI","GAM_IND"
"719","CYS_CRI","GAM_WIL"
"720","CYS_CRI","GON_FAB"
"721","CYS_CRI","GYM_SPP"
"722","CYS_CRI","GYM_TRI"
"723","CYS_CRI","HIP_PLA"
"724","CYS_CRI","ICE_SPP"
"725","CYS_CRI","LIP_FAB"
"726","CYS_CRI","LIP_GIB"
"727","CYS_CRI","LIP_MON"
"728","CYS_CRI","LYC_KOL"
"729","CYS_CRI","LYC_ESM"
"730","CYS_CRI","LYC_EUD"
"731","CYS_CRI","LYC_GRA"
"732","CYS_CRI","LYC_PAL"
"733","CYS_CRI","LYC_RET"
"734","CYS_CRI","LYC_ROS"
"735","CYS_CRI","LYC_SEM"
"736","CYS_CRI","MAL_VIL"
"737","CYS_CRI","MEL_AEG"
"738","CYS_CRI","MYO_SCO"
"739","CYS_CRI","PAR_BAT"
"740","CYS_CRI","POL_VIR"
"741","CYS_CRI","SEB_MAR"
"742","CYS_CRI","SEB_MEN"
"743","CYS_CRI","THE_ABY"
"744","CYS_CRI","THE_LIB"
"745","CYS_CRI","THY_INE"
"746","CYS_CRI","THY_LON"
"747","CYS_CRI","THY_RAS"
"748","CYS_CRI","TRI_MUR"
"749","CYS_CRI","TRI_NYB"
"750","CYS_CRI","TRI_PIN"
"751","DEL_LEU","BOR_SAI"
"752","DEL_LEU","CAL_HYP"
"753","DEL_LEU","CLU_HAR"
"754","DEL_LEU","MAL_VIL"
"755","DEL_LEU","PAN_BOR"
"756","DIM_ARC","PHY_IND"
"757","ELE_ARC","DET_IND"
"758","ELE_ARC","DIATOM"
"759","ELE_ARC","PHY_IND"
"760","ENC_CIM","PAN_BOR"
"761","ENC_CIM","POL_IND"
"762","ENC_CIM","GAM_IND"
"763","ERI_BAR","ACT_G_SP"
"764","ERI_BAR","AGO_CAT"
"765","ERI_BAR","ARC_GLA"
"766","ERI_BAR","ART_ATL"
"767","ERI_BAR","AST_SP"
"768","ERI_BAR","BOR_SAI"
"769","ERI_BAR","BUC_SP"
"770","ERI_BAR","CAR_SPP"
"771","ERI_BAR","CUC_FRO"
"772","ERI_BAR","CYC_LUM"
"773","ERI_BAR","EUM_SPI"
"774","ERI_BAR","FI_LA"
"775","ERI_BAR","GAD_ARG"
"776","ERI_BAR","GAD_MOR"
"777","ERI_BAR","GAM_WIL"
"778","ERI_BAR","GON_FAB"
"779","ERI_BAR","GYM_SPP"
"780","ERI_BAR","GYM_TRI"
"781","ERI_BAR","HIP_PLA"
"782","ERI_BAR","HIP_HIP"
"783","ERI_BAR","HYA_SP"
"784","ERI_BAR","ICE_SPP"
"785","ERI_BAR","LEP_DEC"
"786","ERI_BAR","LIP_FAB"
"787","ERI_BAR","LIP_GIB"
"788","ERI_BAR","LIP_MON"
"789","ERI_BAR","LUM_FAB"
"790","ERI_BAR","LUM_LAM"
"791","ERI_BAR","LYC_GRA"
"792","ERI_BAR","LYC_RET"
"793","ERI_BAR","LYC_SEM"
"794","ERI_BAR","MAC_SP"
"795","ERI_BAR","MOL_BOR"
"796","ERI_BAR","MYA_TRU"
"797","ERI_BAR","MYO_SCO"
"798","ERI_BAR","OPH_SP"
"799","ERI_BAR","PAG_SP"
"800","ERI_BAR","PAN_BOR"
"801","ERI_BAR","PAR_BAT"
"802","ERI_BAR","POL_IND"
"803","ERI_BAR","POLY_IND"
"804","ERI_BAR","ROS_SP"
"805","ERI_BAR","SAB_SP"
"806","ERI_BAR","SCL_SP"
"807","ERI_BAR","STI_TRE"
"808","ERI_BAR","TRI_MUR"
"809","ERI_BAR","TRI_NYB"
"810","ERI_BAR","TRI_PIN"
"811","ERI_BAR","CHI_OPI"
"812","ERY_SP","AUT_FLA"
"813","ERY_SP","BAC_IND"
"814","ERY_SP","DET_IND"
"815","ERY_SP","DIATOM"
"816","ERY_SP","FOR_IND"
"817","ERY_SP","HET_FLA"
"818","ERY_SP","PHY_IND"
"819","ETM_SPI","GAD_ARG"
"820","ETM_SPI","GAM_WIL"
"821","ETM_SPI","MAU_MUE"
"822","ETM_SPI","MEG_NOR"
"823","ETM_SPI","MIC_POU"
"824","ETM_SPI","NEM_MEG"
"825","EUC_IND","DET_IND"
"826","EUK_HAM","MET_LON"
"827","EUK_HAM","MET_LUC"
"828","EUK_HAM","MIC_SPP"
"829","EUK_HAM","OIT_SIM"
"830","EUK_HAM","OIT_SPI"
"831","EUK_HAM","PAR_SPP"
"832","EUK_HAM","POL_IND"
"833","EUK_HAM","SAG_SPP"
"834","EUM_SPI","GAM_WIL"
"835","EUM_SPI","MEG_NOR"
"836","EUM_SPI","PAN_BOR"
"837","EUM_SPI","POL_IND"
"838","EUM_SPI","THE_ABY"
"839","EUM_SPI","THE_LIB"
"840","EUM_SPI","THY_INE"
"841","EUM_SPI","GAM_IND"
"842","EUM_SPI","HYA_SP"
"843","EUM_SPI","LIM_HEL"
"844","EUP_FLAM","CAL_FIN"
"845","EUP_FLAM","CAL_GLA"
"846","EUP_FLAM","CAL_HYP"
"847","EUP_FLAM","MET_LON"
"848","EUP_FLAM","MIC_SPP"
"849","EUP_FLAM","OIT_SIM"
"850","EUP_FLAM","PSE_SPP"
"851","FI_LA","AUT_FLA"
"852","FI_LA","BEN_LAR"
"853","FI_LA","DIATOM"
"854","FI_LA","HET_FLA"
"855","FI_LA","MIX_FLA"
"856","FI_LA","PHY_IND"
"857","FI_LA","ACA_SPP"
"858","FI_LA","BAL_SP"
"859","FI_LA","CAL_FIN"
"860","FI_LA","CAL_GLA"
"861","FI_LA","CAL_HYP"
"862","FI_LA","MET_LON"
"863","FI_LA","MET_LUC"
"864","FI_LA","MIC_SPP"
"865","FI_LA","OIT_SIM"
"866","FI_LA","OIT_SPI"
"867","FI_LA","ONC_BOR"
"868","FI_LA","PAR_GLA"
"869","FI_LA","PAR_NOR"
"870","FI_LA","PAR_SPP"
"871","FI_LA","PSE_SPP"
"872","FOR_IND","BAC_IND"
"873","FOR_IND","DIATOM"
"874","FRA_ARC","THE_LIB"
"875","FRA_ARC","AMM_SPP"
"876","FRA_ARC","BEN_GLA"
"877","FRA_ARC","CLU_HAR"
"878","FRA_ARC","GON_FAB"
"879","FRA_ARC","MAL_VIL"
"880","FRA_ARC","MEL_AEG"
"881","FRA_ARC","MIC_POU"
"882","FRA_ARC","POL_IND"
"883","FRA_ARC","POL_VIR"
"884","FRA_ARC","THE_ABY"
"885","FRA_ARC","THY_INE"
"886","FRA_ARC","TRI_ESM"
"887","FRI_BOR","PHY_IND"
"888","FRI_BOR","SAG_SPP"
"889","FUL_GLA","AMM_SPP"
"890","FUL_GLA","APH_GLA"
"891","FUL_GLA","ARG_SP"
"892","FUL_GLA","BOR_SAI"
"893","FUL_GLA","CAL_FIN"
"894","FUL_GLA","CAL_HYP"
"895","FUL_GLA","CLU_HAR"
"896","FUL_GLA","FI_LA"
"897","FUL_GLA","GAD_MOR"
"898","FUL_GLA","GAM_WIL"
"899","FUL_GLA","GON_FAB"
"900","FUL_GLA","HIP_PLA"
"901","FUL_GLA","LIM_LIM"
"902","FUL_GLA","MAL_VIL"
"903","FUL_GLA","MEG_NOR"
"904","FUL_GLA","MEL_AEG"
"905","FUL_GLA","MER_MER"
"906","FUL_GLA","ONI_GLA"
"907","FUL_GLA","ONI_NAN"
"908","FUL_GLA","OST_IND"
"909","FUL_GLA","PAG_SP"
"910","FUL_GLA","PAN_BOR"
"911","FUL_GLA","ROS_SP"
"912","FUL_GLA","SCO_SCO"
"913","FUL_GLA","SEB_MAR"
"914","FUL_GLA","SEB_MEN"
"915","FUL_GLA","SEB_SPP"
"916","FUL_GLA","THE_ABY"
"917","FUL_GLA","THE_LIB"
"918","FUL_GLA","THY_INE"
"919","FUL_GLA","TRI_ESM"
"920","GAD_ARG","CAL_FIN"
"921","GAD_ARG","CAL_HYP"
"922","GAD_ARG","EUK_HAM"
"923","GAD_ARG","MEG_NOR"
"924","GAD_ARG","MET_LON"
"925","GAD_ARG","MET_LUC"
"926","GAD_ARG","PAR_NOR"
"927","GAD_ARG","SAG_SPP"
"928","GAD_ARG","THY_INE"
"929","GAD_ARG","GAM_IND"
"930","GAD_MOR","ACA_SPP"
"931","GAD_MOR","ACT_G_SP"
"932","GAD_MOR","AGL_DIG"
"933","GAD_MOR","AGO_CAT"
"934","GAD_MOR","AMB_HYP"
"935","GAD_MOR","AMB_RAD"
"936","GAD_MOR","AMM_SPP"
"937","GAD_MOR","ANA_DEN"
"938","GAD_MOR","ANA_LUP"
"939","GAD_MOR","ANA_MIN"
"940","GAD_MOR","ANI_MED"
"941","GAD_MOR","APH_MAR"
"942","GAD_MOR","ARC_RIS"
"943","GAD_MOR","ART_ATL"
"944","GAD_MOR","AST_SP"
"945","GAD_MOR","AUR_AUR"
"946","GAD_MOR","BAL_SP"
"947","GAD_MOR","BAT_SPI"
"948","GAD_MOR","BEN_GLA"
"949","GAD_MOR","BER_SP"
"950","GAD_MOR","BOL_INF"
"951","GAD_MOR","BOR_SAI"
"952","GAD_MOR","BRO_BRO"
"953","GAD_MOR","BUC_SP"
"954","GAD_MOR","CAL_FIN"
"955","GAD_MOR","CAL_GLA"
"956","GAD_MOR","CAL_HYP"
"957","GAD_MOR","CAR_SPP"
"958","GAD_MOR","CHI_OPI"
"959","GAD_MOR","CLU_HAR"
"960","GAD_MOR","CTE_CRI"
"961","GAD_MOR","CUC_FRO"
"962","GAD_MOR","ENC_CIM"
"963","GAD_MOR","ERY_SP"
"964","GAD_MOR","FI_LA"
"965","GAD_MOR","GAD_MOR"
"966","GAD_MOR","GAM_IND"
"967","GAD_MOR","GAS_ACU"
"968","GAD_MOR","GON_FAB"
"969","GAD_MOR","GYM_SPP"
"970","GAD_MOR","GYM_TRI"
"971","GAD_MOR","HIP_HIP"
"972","GAD_MOR","HIP_PLA"
"973","GAD_MOR","HYA_SP"
"974","GAD_MOR","ICE_SPP"
"975","GAD_MOR","LEP_DEC"
"976","GAD_MOR","LIM_LIM"
"977","GAD_MOR","LIP_FAB"
"978","GAD_MOR","LIP_GIB"
"979","GAD_MOR","LIP_MON"
"980","GAD_MOR","LUM_LAM"
"981","GAD_MOR","LUM_SP"
"982","GAD_MOR","LYC_KOL"
"983","GAD_MOR","LYC_EUD"
"984","GAD_MOR","LYC_GRA"
"985","GAD_MOR","LYC_PAL"
"986","GAD_MOR","LYC_ROS"
"987","GAD_MOR","MAL_SAR"
"988","GAD_MOR","MAL_VIL"
"989","GAD_MOR","MAU_MUE"
"990","GAD_MOR","MEG_NOR"
"991","GAD_MOR","MEL_AEG"
"992","GAD_MOR","MER_MER"
"993","GAD_MOR","MET_LON"
"994","GAD_MOR","MIC_POU"
"995","GAD_MOR","MYO_SCO"
"996","GAD_MOR","OIK_SPP"
"997","GAD_MOR","OIT_SIM"
"998","GAD_MOR","OPH_ACU"
"999","GAD_MOR","OPH_BID"
"1000","GAD_MOR","OPH_SER"
"1001","GAD_MOR","OPH_SP"
"1002","GAD_MOR","OST_IND"
"1003","GAD_MOR","PAG_SP"
"1004","GAD_MOR","PAN_BOR"
"1005","GAD_MOR","PLE_PLA"
"1006","GAD_MOR","POL_IND"
"1007","GAD_MOR","POL_VIR"
"1008","GAD_MOR","POR_G_SP"
"1009","GAD_MOR","PSE_SPP"
"1010","GAD_MOR","PYC_G_SP"
"1011","GAD_MOR","RAJ_FYL"
"1012","GAD_MOR","REI_HIP"
"1013","GAD_MOR","RHA_SP"
"1014","GAD_MOR","ROS_SP"
"1015","GAD_MOR","SAB_SP"
"1016","GAD_MOR","SAG_SPP"
"1017","GAD_MOR","SCL_SP"
"1018","GAD_MOR","SEB_MAR"
"1019","GAD_MOR","SEB_MEN"
"1020","GAD_MOR","SEB_VIV"
"1021","GAD_MOR","SPI_TYP"
"1022","GAD_MOR","STRO_SP"
"1023","GAD_MOR","TER_STRO"
"1024","GAD_MOR","THE_ABY"
"1025","GAD_MOR","THE_LIB"
"1026","GAD_MOR","THY_GOU"
"1027","GAD_MOR","THY_INE"
"1028","GAD_MOR","THY_LON"
"1029","GAD_MOR","THY_RAS"
"1030","GAD_MOR","TRI_ESM"
"1031","GAD_MOR","TRI_MUR"
"1032","GAD_MOR","TRI_PIN"
"1033","GAD_MOR","ARG_SP"
"1034","GAD_MOR","ASC_G_SP"
"1035","GAD_MOR","CHL_ISL"
"1036","GAD_MOR","CLI_LIM"
"1037","GAD_MOR","COL_SP"
"1038","GAD_MOR","GAD_ARG"
"1039","GAD_MOR","HYD_IND"
"1040","GAD_MOR","ISO_IND"
"1041","GAD_MOR","LEP_MAC"
"1042","GAD_MOR","MOL_BOR"
"1043","GAD_MOR","PON_NOR"
"1044","GAD_MOR","SEB_SPP"
"1045","GAD_MOR","TRI_NYB"
"1046","GAD_MOR","DET_IND"
"1047","GAD_MOR","MUN_SPP"
"1048","GAI_ARG","MAL_VIL"
"1049","GAI_ARG","MEG_NOR"
"1050","GAI_ARG","NYC_COU"
"1051","GAI_ARG","POL_IND"
"1052","GAI_ARG","THE_ABY"
"1053","GAI_ARG","THE_LIB"
"1054","GAI_ARG","THY_INE"
"1055","GAI_ARG","THY_LON"
"1056","GAI_ARG","THY_RAS"
"1057","GAL_SP","DET_IND"
"1058","GAL_SP","PHY_IND"
"1059","GAM_IND","DET_IND"
"1060","GAM_IND","DIATOM"
"1061","GAM_IND","PHY_IND"
"1062","GAM_WIL","BAC_IND"
"1063","GAM_WIL","CAL_FIN"
"1064","GAM_WIL","CAL_GLA"
"1065","GAM_WIL","CAL_HYP"
"1066","GAM_WIL","DET_IND"
"1067","GAM_WIL","GAM_WIL"
"1068","GAM_WIL","ICE_ALG"
"1069","GAM_WIL","MET_LON"
"1070","GAM_WIL","MIC_SPP"
"1071","GAM_WIL","OIT_SIM"
"1072","GAM_WIL","PROZOO"
"1073","GAS_ACU","CAL_FIN"
"1074","GAS_ACU","CAL_GLA"
"1075","GAS_ACU","CAL_HYP"
"1076","GAS_ACU","FI_LA"
"1077","GEO_SP","BAC_IND"
"1078","GEO_SP","DET_IND"
"1079","GEO_SP","PHY_IND"
"1080","GLY_CYN","GAM_IND"
"1081","GLY_CYN","OPH_SP"
"1082","GLY_CYN","POL_IND"
"1083","GLY_CYN","SCL_SP"
"1084","GON_FAB","CAL_FIN"
"1085","GON_FAB","CAL_GLA"
"1086","GON_FAB","CAL_HYP"
"1087","GON_FAB","GON_FAB"
"1088","GON_FAB","MET_LON"
"1089","GON_FAB","OIT_SIM"
"1090","GON_FAB","THE_ABY"
"1091","GON_FAB","THE_LIB"
"1092","GON_FAB","THY_INE"
"1093","GON_FAB","THY_LON"
"1094","GON_FAB","THY_RAS"
"1095","GOR_SP","CAL_GLA"
"1096","GOR_SP","FI_LA"
"1097","GOR_SP","MEG_NOR"
"1098","GYM_SPP","APH_GLA"
"1099","GYM_SPP","BAL_SP"
"1100","GYM_SPP","CAL_HYP"
"1101","GYM_SPP","GAM_IND"
"1102","GYM_SPP","POL_IND"
"1103","GYM_SPP","PSE_SPP"
"1104","GYM_SPP","THY_INE"
"1105","GYM_TRI","CAL_HYP"
"1106","GYM_TRI","MAC_SP"
"1107","GYM_TRI","MAL_SAR"
"1108","GYM_TRI","MET_LON"
"1109","GYM_TRI","OIK_VAN"
"1110","GYM_TRI","POL_IND"
"1111","GYM_TRI","SCA_INF"
"1112","GYM_TRI","SPI_TYP"
"1113","GYM_TRI","TER_STRO"
"1114","GYM_TRI","THY_RAS"
"1115","GYM_TRI","GAM_IND"
"1116","HAL_GRY","ART_ATL"
"1117","HAL_GRY","AST_SP"
"1118","HAL_GRY","BAT_GLA"
"1119","HAL_GRY","BRO_BRO"
"1120","HAL_GRY","CHI_OPI"
"1121","HAL_GRY","CHL_ISL"
"1122","HAL_GRY","CLU_HAR"
"1123","HAL_GRY","CYC_LUM"
"1124","HAL_GRY","ENC_CIM"
"1125","HAL_GRY","AMM_SPP"
"1126","HAL_GRY","GAD_MOR"
"1127","HAL_GRY","GAI_ARG"
"1128","HAL_GRY","GLY_CYN"
"1129","HAL_GRY","GON_FAB"
"1130","HAL_GRY","GYM_TRI"
"1131","HAL_GRY","HIP_PLA"
"1132","HAL_GRY","HIP_HIP"
"1133","HAL_GRY","HYA_SP"
"1134","HAL_GRY","ICE_SPP"
"1135","HAL_GRY","LUM_LAM"
"1136","HAL_GRY","MAC_SP"
"1137","HAL_GRY","MAL_VIL"
"1138","HAL_GRY","MEL_AEG"
"1139","HAL_GRY","MEN_FER"
"1140","HAL_GRY","MOL_MOL"
"1141","HAL_GRY","MYO_SCO"
"1142","HAL_GRY","PAG_SP"
"1143","HAL_GRY","PAN_BOR"
"1144","HAL_GRY","PAR_CAM"
"1145","HAL_GRY","PLE_PLA"
"1146","HAL_GRY","POL_POL"
"1147","HAL_GRY","POL_VIR"
"1148","HAL_GRY","PON_NOR"
"1149","HAL_GRY","ROS_SP"
"1150","HAL_GRY","SAB_SP"
"1151","HAL_GRY","SCL_SP"
"1152","HAL_GRY","SCO_SCO"
"1153","HAL_GRY","SEB_SPP"
"1154","HAL_GRY","SIM_GRE"
"1155","HAL_GRY","THY_GOU"
"1156","HAL_GRY","TRI_MUR"
"1157","HAL_GRY","TRI_NYB"
"1158","HAL_GRY","TRI_PIN"
"1159","HAL_GRY","TRI_ESM"
"1160","HAL_GRY","YOL_SOL"
"1161","HAL_GRY","ANA_DEN"
"1162","HAL_GRY","ANA_LUP"
"1163","HAL_GRY","ANA_MIN"
"1164","HAL_GRY","LIP_FAB"
"1165","HAL_GRY","LIP_GIB"
"1166","HAL_GRY","LIP_MON"
"1167","HAL_GRY","MER_MER"
"1168","HAL_GRY","MIC_KIT"
"1169","HEL_GLA","DET_IND"
"1170","HEL_GLA","DIATOM"
"1171","HET_FIL","DET_IND"
"1172","HET_FLA","AUT_FLA"
"1173","HET_FLA","BAC_IND"
"1174","HIA_ARC","DET_IND"
"1175","HIA_ARC","PHY_IND"
"1176","HIP_HIP","AMM_SPP"
"1177","HIP_HIP","AST_SP"
"1178","HIP_HIP","GAD_MOR"
"1179","HIP_HIP","GAM_IND"
"1180","HIP_HIP","HIP_PLA"
"1181","HIP_HIP","LUM_SP"
"1182","HIP_HIP","MEL_AEG"
"1183","HIP_HIP","MER_MER"
"1184","HIP_HIP","MIC_POU"
"1185","HIP_HIP","NEP_SP"
"1186","HIP_HIP","OPH_ACU"
"1187","HIP_HIP","OPH_SP"
"1188","HIP_HIP","PAG_SP"
"1189","HIP_HIP","PAN_BOR"
"1190","HIP_HIP","POL_IND"
"1191","HIP_HIP","TER_STRO"
"1192","HIP_HIP","TRI_MUR"
"1193","HIP_HIP","YOL_SOL"
"1194","HIP_PLA","BOR_SAI"
"1195","HIP_PLA","CLI_LIM"
"1196","HIP_PLA","CLU_HAR"
"1197","HIP_PLA","CTE_CRI"
"1198","HIP_PLA","GYM_SPP"
"1199","HIP_PLA","HYA_SP"
"1200","HIP_PLA","LUM_FAB"
"1201","HIP_PLA","LUM_LAM"
"1202","HIP_PLA","LUM_SP"
"1203","HIP_PLA","MAL_VIL"
"1204","HIP_PLA","OPH_ACU"
"1205","HIP_PLA","OPH_BID"
"1206","HIP_PLA","OPH_SER"
"1207","HIP_PLA","OPH_SP"
"1208","HIP_PLA","PAN_BOR"
"1209","HIP_PLA","POL_IND"
"1210","HIP_PLA","SAB_SP"
"1211","HIP_PLA","THE_LIB"
"1212","HIP_PLA","TRI_PIN"
"1213","HIP_PLA","ACT_G_SP"
"1214","HIP_PLA","SIM_GRE"
"1215","HIP_PLA","AST_SP"
"1216","HIP_PLA","BAT_GLA"
"1217","HIP_PLA","CAR_SPP"
"1218","HIP_PLA","CHI_OPI"
"1219","HIP_PLA","FOR_IND"
"1220","HIP_PLA","GAD_MOR"
"1221","HIP_PLA","GAM_IND"
"1222","HIP_PLA","HIP_PLA"
"1223","HIP_PLA","HYD_IND"
"1224","HIP_PLA","ISO_IND"
"1225","HIP_PLA","LEP_DEC"
"1226","HIP_PLA","LEP_MAC"
"1227","HIP_PLA","LIM_HEL"
"1228","HIP_PLA","LIP_FAB"
"1229","HIP_PLA","MAL_SAR"
"1230","HIP_PLA","MEG_NOR"
"1231","HIP_PLA","MEL_AEG"
"1232","HIP_PLA","MOL_BOR"
"1233","HIP_PLA","OST_IND"
"1234","HIP_PLA","PAG_SP"
"1235","HIP_PLA","PHA_STR"
"1236","HIP_PLA","PON_NOR"
"1237","HIP_PLA","PYC_G_SP"
"1238","HIP_PLA","SCL_SP"
"1239","HIP_PLA","SPI_TYP"
"1240","HIP_PLA","STRO_SP"
"1241","HIP_PLA","TRI_NYB"
"1242","HIP_PLA","DET_IND"
"1243","HIP_PLA","MUN_SPP"
"1244","HYA_SP","AST_RUB"
"1245","HYA_SP","CHL_ISL"
"1246","HYD_IND","DET_IND"
"1247","ICE_SPP","ASC_G_SP"
"1248","ICE_SPP","CAL_GLA"
"1249","ICE_SPP","CAL_HYP"
"1250","ICE_SPP","POL_IND"
"1251","ICE_SPP","PSE_SPP"
"1252","ICE_SPP","RHA_SP"
"1253","ICE_SPP","SAG_SPP"
"1254","ICE_SPP","THY_INE"
"1255","ICE_SPP","GAM_IND"
"1256","ICE_SPP","THE_ABY"
"1257","ICE_SPP","THE_LIB"
"1258","ISO_IND","AUT_FLA"
"1259","ISO_IND","DET_IND"
"1260","ISO_IND","DIATOM"
"1261","ISO_IND","FOR_IND"
"1262","ISO_IND","HET_FLA"
"1263","ISO_IND","MIX_FLA"
"1264","LAG_ALB","AMM_SPP"
"1265","LAG_ALB","BOR_SAI"
"1266","LAG_ALB","CLU_HAR"
"1267","LAG_ALB","GAD_MOR"
"1268","LAG_ALB","GON_FAB"
"1269","LAG_ALB","HIP_PLA"
"1270","LAG_ALB","MAL_VIL"
"1271","LAG_ALB","MEL_AEG"
"1272","LAG_ALB","MER_MER"
"1273","LAG_ALB","SCO_SCO"
"1274","LAG_ALB","TRI_ESM"
"1275","LAR_ARG","ALL_ALL"
"1276","LAR_ARG","AST_RUB"
"1277","LAR_ARG","BAL_SP"
"1278","LAR_ARG","CLU_HAR"
"1279","LAR_ARG","CRO_PAP"
"1280","LAR_ARG","GAD_MOR"
"1281","LAR_ARG","MAL_VIL"
"1282","LAR_HYP","ALL_ALL"
"1283","LAR_HYP","AMM_SPP"
"1284","LAR_HYP","BOR_SAI"
"1285","LAR_HYP","CLU_HAR"
"1286","LAR_HYP","GAD_MOR"
"1287","LAR_HYP","MAL_VIL"
"1288","LAR_HYP","SEB_MAR"
"1289","LAR_HYP","SEB_MEN"
"1290","LAR_MAR","AST_RUB"
"1291","LAR_MAR","BAL_SP"
"1292","LAR_MAR","CLU_HAR"
"1293","LAR_MAR","GAD_MOR"
"1294","LAR_MAR","MAL_VIL"
"1295","LEP_DEC","CAL_FIN"
"1296","LEP_DEC","CAL_GLA"
"1297","LEP_DEC","CAL_HYP"
"1298","LEP_DEC","GAM_IND"
"1299","LEP_DEC","MET_LON"
"1300","LEP_DEC","PAR_SPP"
"1301","LEP_DEC","POL_IND"
"1302","LEP_DEC","POLY_IND"
"1303","LEP_DEC","THE_LIB"
"1304","LEP_DEC","THY_INE"
"1305","LEP_DEC","THY_LON"
"1306","LEP_DEC","ISO_IND"
"1307","LEP_DEC","MEG_NOR"
"1308","LEP_DEC","THE_ABY"
"1309","LEP_DEC","PAR_NOR"
"1310","LEP_DEC","SPI_TYP"
"1311","LEP_DEC","MUN_SPP"
"1312","LEP_MAC","GAM_IND"
"1313","LEP_MAC","POL_IND"
"1314","LEP_MAC","ISO_IND"
"1315","LEP_MAC","FOR_IND"
"1316","LEP_MAC","MAL_SAR"
"1317","LIM_HEL","CAL_FIN"
"1318","LIM_HEL","CAL_GLA"
"1319","LIM_HEL","CAL_HYP"
"1320","LIM_HEL","MET_LON"
"1321","LIM_HEL","OIT_SIM"
"1322","LIM_HEL","ONI_GLA"
"1323","LIM_HEL","ONI_NAN"
"1324","LIM_HEL","PHY_IND"
"1325","LIM_HEL","PSE_SPP"
"1326","LIM_HEL","DIATOM"
"1327","LIM_HEL","LIM_HEL"
"1328","LIM_LIM","AMM_SPP"
"1329","LIM_LIM","AST_RUB"
"1330","LIM_LIM","BAL_SP"
"1331","LIM_LIM","BUC_SP"
"1332","LIM_LIM","CRO_PAP"
"1333","LIM_LIM","MAC_SP"
"1334","LIM_LIM","OPH_ACU"
"1335","LIM_LIM","OPH_BID"
"1336","LIM_LIM","OPH_SP"
"1337","LIM_LIM","PAG_SP"
"1338","LIM_LIM","PAN_BOR"
"1339","LIM_LIM","POL_IND"
"1340","LIM_LIM","SCL_SP"
"1341","LIM_LIM","STRO_SP"
"1342","LIM_LIM","TER_STRO"
"1343","LIM_LIM","ACT_G_SP"
"1344","LIM_RET","APH_GLA"
"1345","LIM_RET","CAL_FIN"
"1346","LIM_RET","CAL_GLA"
"1347","LIM_RET","CAL_HYP"
"1348","LIM_RET","MET_LON"
"1349","LIM_RET","OIT_SIM"
"1350","LIM_RET","ONI_GLA"
"1351","LIM_RET","ONI_NAN"
"1352","LIM_RET","PHY_IND"
"1353","LIM_RET","PSE_SPP"
"1354","LIP_FAB","CAL_HYP"
"1355","LIP_FAB","MET_LON"
"1356","LIP_FAB","ONC_BOR"
"1357","LIP_FAB","PSE_SPP"
"1358","LIP_FAB","LIM_HEL"
"1359","LIP_FAB","THE_LIB"
"1360","LIP_FAB","POL_IND"
"1361","LIP_FAB","HYD_IND"
"1362","LIP_FAB","GAM_IND"
"1363","LIP_FAB","THY_INE"
"1364","LIP_GIB","MAL_VIL"
"1365","LIP_GIB","POL_IND"
"1366","LIP_GIB","THE_ABY"
"1367","LIP_GIB","THE_LIB"
"1368","LIP_MON","CAL_HYP"
"1369","LIP_MON","GAM_IND"
"1370","LIP_MON","OST_IND"
"1371","LIP_MON","PSE_SPP"
"1372","LUM_FAB","FI_LA"
"1373","LUM_FAB","POL_IND"
"1374","LUM_LAM","CAL_FIN"
"1375","LUM_LAM","CAL_GLA"
"1376","LUM_LAM","CAL_HYP"
"1377","LUM_LAM","DET_IND"
"1378","LUM_LAM","FOR_IND"
"1379","LUM_LAM","GAM_IND"
"1380","LUM_LAM","OST_IND"
"1381","LUM_LAM","THY_LON"
"1382","LUM_LAM","THY_RAS"
"1383","LUM_LAM","MAL_SAR"
"1384","LUM_LAM","POL_IND"
"1385","LUM_LAM","YOL_SOL"
"1386","LUM_MIN","AUT_FLA"
"1387","LUM_MIN","DET_IND"
"1388","LUM_MIN","DIATOM"
"1389","LUM_MIN","HET_FLA"
"1390","LUM_MIN","PHY_IND"
"1391","LUM_SP","CIR_IND"
"1392","LUM_SP","DET_IND"
"1393","LUM_SP","HET_FIL"
"1394","LUM_SP","LUM_SP"
"1395","LUM_SP","OST_IND"
"1396","LUM_SP","SPI_KRO"
"1397","LYC_ESM","BRY_IND"
"1398","LYC_ESM","DET_IND"
"1399","LYC_ESM","GAM_IND"
"1400","LYC_ESM","LUM_SP"
"1401","LYC_ESM","OPH_SER"
"1402","LYC_ESM","POL_IND"
"1403","LYC_ESM","THE_LIB"
"1404","LYC_ESM","THY_INE"
"1405","LYC_ESM","SIM_GRE"
"1406","LYC_ESM","OPH_BID"
"1407","LYC_ESM","OPH_SP"
"1408","LYC_ESM","PAN_BOR"
"1409","LYC_EUD","OPH_SP"
"1410","LYC_EUD","OST_IND"
"1411","LYC_EUD","POL_IND"
"1412","LYC_GRA","GAM_IND"
"1413","LYC_GRA","POL_IND"
"1414","LYC_GRA","YOL_SOL"
"1415","LYC_GRA","SIM_GRE"
"1416","LYC_GRA","AST_SP"
"1417","LYC_GRA","BAT_GLA"
"1418","LYC_GRA","ISO_IND"
"1419","LYC_GRA","CHL_ISL"
"1420","LYC_GRA","FOR_IND"
"1421","LYC_GRA","MEG_NOR"
"1422","LYC_GRA","OPH_SER"
"1423","LYC_GRA","OPH_SP"
"1424","LYC_GRA","PAN_BOR"
"1425","LYC_GRA","PHA_STR"
"1426","LYC_GRA","SPI_TYP"
"1427","LYC_GRA","ANO_SPP"
"1428","LYC_KOL","GAM_IND"
"1429","LYC_KOL","MAL_VIL"
"1430","LYC_KOL","MEG_NOR"
"1431","LYC_KOL","OPH_ACU"
"1432","LYC_KOL","OPH_SP"
"1433","LYC_PAL","DET_IND"
"1434","LYC_PAL","GAM_IND"
"1435","LYC_PAL","MEG_NOR"
"1436","LYC_PAL","OPH_ACU"
"1437","LYC_PAL","OPH_BID"
"1438","LYC_PAL","OPH_SER"
"1439","LYC_PAL","OPH_SP"
"1440","LYC_PAL","PAN_BOR"
"1441","LYC_PAL","POL_IND"
"1442","LYC_PAL","SCL_SP"
"1443","LYC_PAL","SPI_TYP"
"1444","LYC_PAL","STRO_SP"
"1445","LYC_PAL","TER_STRO"
"1446","LYC_PAL","THE_ABY"
"1447","LYC_PAL","THE_LIB"
"1448","LYC_PAL","THY_INE"
"1449","LYC_PAL","THY_LON"
"1450","LYC_PAL","THY_RAS"
"1451","LYC_PAL","YOL_SOL"
"1452","LYC_RET","MAL_VIL"
"1453","LYC_RET","MEG_NOR"
"1454","LYC_RET","PAN_BOR"
"1455","LYC_RET","THE_ABY"
"1456","LYC_RET","THE_LIB"
"1457","LYC_RET","THY_INE"
"1458","LYC_RET","THY_LON"
"1459","LYC_RET","THY_RAS"
"1460","LYC_RET","GAM_IND"
"1461","LYC_RET","POL_IND"
"1462","LYC_RET","LIP_FAB"
"1463","LYC_RET","ANO_SPP"
"1464","LYC_ROS","MEG_NOR"
"1465","LYC_ROS","PAN_BOR"
"1466","LYC_ROS","THY_INE"
"1467","LYC_ROS","THY_LON"
"1468","LYC_ROS","BAT_GLA"
"1469","LYC_ROS","GAM_IND"
"1470","LYC_ROS","THE_LIB"
"1471","LYC_ROS","AGL_MAL"
"1472","LYC_ROS","POL_IND"
"1473","LYC_ROS","YOL_SOL"
"1474","LYC_SEM","PAN_BOR"
"1475","LYC_SEM","THE_ABY"
"1476","LYC_SEM","THE_LIB"
"1477","LYC_SEM","THY_INE"
"1478","LYC_SEM","THY_RAS"
"1479","LYC_SEM","POL_IND"
"1480","MAC_BER","APH_GLA"
"1481","MAC_BER","BRO_BRO"
"1482","MAC_BER","CAL_FIN"
"1483","MAC_BER","CIO_INT"
"1484","MAC_BER","CLU_HAR"
"1485","MAC_BER","CRO_PAP"
"1486","MAC_BER","FI_LA"
"1487","MAC_BER","GAM_IND"
"1488","MAC_BER","MAC_BER"
"1489","MAC_BER","MEG_NOR"
"1490","MAC_BER","OPH_ACU"
"1491","MAC_BER","OPH_BID"
"1492","MAC_BER","OPH_BOR"
"1493","MAC_BER","OPH_GLA"
"1494","MAC_BER","OPH_SER"
"1495","MAC_BER","OPH_SP"
"1496","MAC_BER","OST_IND"
"1497","MAC_BER","PAN_BOR"
"1498","MAC_BER","POL_IND"
"1499","MAC_BER","REI_HIP"
"1500","MAC_BER","STRO_SP"
"1501","MAC_BER","THY_INE"
"1502","MAC_BER","THY_RAS"
"1503","MAC_BER","ACT_G_SP"
"1504","MAC_BER","HYD_IND"
"1505","MAC_BER","ANO_SPP"
"1506","MAC_SP","AUT_FLA"
"1507","MAC_SP","PHY_IND"
"1508","MAL_SAR","DET_IND"
"1509","MAL_VIL","CAL_FIN"
"1510","MAL_VIL","CAL_GLA"
"1511","MAL_VIL","CAL_HYP"
"1512","MAL_VIL","MAL_VIL"
"1513","MAL_VIL","MET_LON"
"1514","MAL_VIL","OIK_SPP"
"1515","MAL_VIL","OIT_SIM"
"1516","MAL_VIL","ONC_BOR"
"1517","MAL_VIL","PAR_NOR"
"1518","MAL_VIL","PAR_SPP"
"1519","MAL_VIL","PSE_SPP"
"1520","MAL_VIL","THE_ABY"
"1521","MAL_VIL","THE_LIB"
"1522","MAL_VIL","THY_INE"
"1523","MAL_VIL","THY_RAS"
"1524","MAL_VIL","PAR_GLA"
"1525","MAL_VIL","LIM_HEL"
"1526","MAL_VIL","MEG_NOR"
"1527","MAL_VIL","SAG_SPP"
"1528","MAL_VIL","THY_LON"
"1529","MAU_MUE","ACA_SPP"
"1530","MAU_MUE","FI_LA"
"1531","MAU_MUE","MET_LUC"
"1532","MAU_MUE","NEM_MEG"
"1533","MAU_MUE","ONC_BOR"
"1534","MAU_MUE","OST_IND"
"1535","MEG_NOR","ACA_SPP"
"1536","MEG_NOR","AUT_FLA"
"1537","MEG_NOR","CAL_FIN"
"1538","MEG_NOR","CAL_GLA"
"1539","MEG_NOR","CAL_HYP"
"1540","MEG_NOR","DET_IND"
"1541","MEG_NOR","DIATOM"
"1542","MEG_NOR","FOR_IND"
"1543","MEG_NOR","HET_FLA"
"1544","MEG_NOR","MET_LON"
"1545","MEG_NOR","MIC_SPP"
"1546","MEG_NOR","OIT_SIM"
"1547","MEG_NOR","PSE_SPP"
"1548","MEG_NOV","ACA_SPP"
"1549","MEG_NOV","AMM_SPP"
"1550","MEG_NOV","APH_GLA"
"1551","MEG_NOV","ARR_PHY"
"1552","MEG_NOV","BOR_SAI"
"1553","MEG_NOV","CAL_FIN"
"1554","MEG_NOV","CAL_GLA"
"1555","MEG_NOV","CAL_HYP"
"1556","MEG_NOV","CLU_HAR"
"1557","MEG_NOV","FI_LA"
"1558","MEG_NOV","GAM_IND"
"1559","MEG_NOV","GAM_WIL"
"1560","MEG_NOV","MAL_VIL"
"1561","MEG_NOV","MEG_NOR"
"1562","MEG_NOV","MET_LON"
"1563","MEG_NOV","MET_LUC"
"1564","MEG_NOV","MIC_SPP"
"1565","MEG_NOV","NEM_MEG"
"1566","MEG_NOV","NYC_COU"
"1567","MEG_NOV","OIT_SPI"
"1568","MEG_NOV","OIT_SIM"
"1569","MEG_NOV","ONC_BOR"
"1570","MEG_NOV","ONI_GLA"
"1571","MEG_NOV","ONI_NAN"
"1572","MEG_NOV","PAR_GLA"
"1573","MEG_NOV","PAR_NOR"
"1574","MEG_NOV","PAR_SPP"
"1575","MEG_NOV","POL_VIR"
"1576","MEG_NOV","PSE_SPP"
"1577","MEG_NOV","RHA_SP"
"1578","MEG_NOV","SCO_SCO"
"1579","MEG_NOV","THE_ABY"
"1580","MEG_NOV","THE_LIB"
"1581","MEG_NOV","THY_INE"
"1582","MEG_NOV","THY_LON"
"1583","MEG_NOV","THY_RAS"
"1584","MEL_AEG","ACT_G_SP"
"1585","MEL_AEG","AMM_SPP"
"1586","MEL_AEG","APH_GLA"
"1587","MEL_AEG","ARC_RIS"
"1588","MEL_AEG","ARR_PHY"
"1589","MEL_AEG","ART_ATL"
"1590","MEL_AEG","AST_RUB"
"1591","MEL_AEG","AST_SP"
"1592","MEL_AEG","BAL_SP"
"1593","MEL_AEG","BAT_GLA"
"1594","MEL_AEG","BEN_GLA"
"1595","MEL_AEG","BER_SP"
"1596","MEL_AEG","BOL_INF"
"1597","MEL_AEG","BOR_SAI"
"1598","MEL_AEG","BUC_SP"
"1599","MEL_AEG","CAL_FIN"
"1600","MEL_AEG","CAL_GLA"
"1601","MEL_AEG","CAL_HYP"
"1602","MEL_AEG","CHA_SP"
"1603","MEL_AEG","CLU_HAR"
"1604","MEL_AEG","COL_SP"
"1605","MEL_AEG","CRO_PAP"
"1606","MEL_AEG","CTE_CRI"
"1607","MEL_AEG","CUC_FRO"
"1608","MEL_AEG","ERY_SP"
"1609","MEL_AEG","EUK_HAM"
"1610","MEL_AEG","FI_LA"
"1611","MEL_AEG","GAD_MOR"
"1612","MEL_AEG","GAM_IND"
"1613","MEL_AEG","GAM_WIL"
"1614","MEL_AEG","HEL_GLA"
"1615","MEL_AEG","HET_FIL"
"1616","MEL_AEG","HIP_PLA"
"1617","MEL_AEG","HYA_SP"
"1618","MEL_AEG","LEP_DEC"
"1619","MEL_AEG","LEP_MAC"
"1620","MEL_AEG","LUM_LAM"
"1621","MEL_AEG","MAC_SP"
"1622","MEL_AEG","MAL_SAR"
"1623","MEL_AEG","MAL_VIL"
"1624","MEL_AEG","MEG_NOR"
"1625","MEL_AEG","MEL_AEG"
"1626","MEL_AEG","MEN_FER"
"1627","MEL_AEG","MER_OVU"
"1628","MEL_AEG","MET_LON"
"1629","MEL_AEG","MIC_POU"
"1630","MEL_AEG","MOL_BOR"
"1631","MEL_AEG","MYO_SCO"
"1632","MEL_AEG","NEP_SP"
"1633","MEL_AEG","ONI_GLA"
"1634","MEL_AEG","ONI_NAN"
"1635","MEL_AEG","OPH_ACU"
"1636","MEL_AEG","OPH_BID"
"1637","MEL_AEG","OPH_BOR"
"1638","MEL_AEG","OPH_GLA"
"1639","MEL_AEG","OPH_SER"
"1640","MEL_AEG","OPH_SP"
"1641","MEL_AEG","OST_IND"
"1642","MEL_AEG","PAG_SP"
"1643","MEL_AEG","PAN_BOR"
"1644","MEL_AEG","POL_IND"
"1645","MEL_AEG","PON_NOR"
"1646","MEL_AEG","PON_TEN"
"1647","MEL_AEG","PRI_CIR"
"1648","MEL_AEG","RHA_SP"
"1649","MEL_AEG","SAB_SP"
"1650","MEL_AEG","SAG_SPP"
"1651","MEL_AEG","SEB_MEN"
"1652","MEL_AEG","SEB_SPP"
"1653","MEL_AEG","SIM_GRE"
"1654","MEL_AEG","SPI_KRO"
"1655","MEL_AEG","SPI_TYP"
"1656","MEL_AEG","STI_TRE"
"1657","MEL_AEG","STRO_SP"
"1658","MEL_AEG","THE_ABY"
"1659","MEL_AEG","THE_LIB"
"1660","MEL_AEG","THY_GOU"
"1661","MEL_AEG","THY_INE"
"1662","MEL_AEG","TRI_ESM"
"1663","MEL_AEG","TRI_MUR"
"1664","MEL_AEG","TRI_NYB"
"1665","MEL_AEG","TRI_PIN"
"1666","MEL_AEG","URA_LIN"
"1667","MEL_AEG","YOL_SOL"
"1668","MEL_AEG","ASC_G_SP"
"1669","MEL_AEG","ISO_IND"
"1670","MEL_AEG","CHI_OPI"
"1671","MEL_AEG","CHL_ISL"
"1672","MEL_AEG","CLI_LIM"
"1673","MEL_AEG","GAD_ARG"
"1674","MEL_AEG","HYD_IND"
"1675","MEL_AEG","SCL_SP"
"1676","MEL_AEG","DET_IND"
"1677","MEL_AEG","MUN_SPP"
"1678","MEN_FER","DET_IND"
"1679","MER_MER","AMM_SPP"
"1680","MER_MER","ANA_LUP"
"1681","MER_MER","ARG_SP"
"1682","MER_MER","CIO_INT"
"1683","MER_MER","CLU_HAR"
"1684","MER_MER","GAD_ARG"
"1685","MER_MER","GAD_MOR"
"1686","MER_MER","GAM_IND"
"1687","MER_MER","GAS_ACU"
"1688","MER_MER","GON_FAB"
"1689","MER_MER","HIP_PLA"
"1690","MER_MER","LIM_LIM"
"1691","MER_MER","MAU_MUE"
"1692","MER_MER","MEL_AEG"
"1693","MER_MER","MER_MER"
"1694","MER_MER","MIC_KIT"
"1695","MER_MER","PAN_BOR"
"1696","MER_MER","POL_IND"
"1697","MER_MER","POR_G_SP"
"1698","MER_MER","ROS_SP"
"1699","MER_MER","SAG_SPP"
"1700","MER_MER","SCL_SP"
"1701","MER_MER","SCO_SCO"
"1702","MER_MER","SEB_VIV"
"1703","MER_MER","THY_INE"
"1704","MER_MER","THY_LON"
"1705","MER_MER","THY_RAS"
"1706","MER_MER","TRI_ESM"
"1707","MER_OVU","CAL_FIN"
"1708","MER_OVU","CAL_GLA"
"1709","MER_OVU","CAL_HYP"
"1710","MER_OVU","MET_LON"
"1711","MER_OVU","MIC_SPP"
"1712","MER_OVU","OIT_SIM"
"1713","MER_OVU","PSE_SPP"
"1714","MET_LON","PHY_IND"
"1715","MET_LUC","PHY_IND"
"1716","MIC_KIT","ACT_G_SP"
"1717","MIC_KIT","POL_IND"
"1718","MIC_POU","AUR_AUR"
"1719","MIC_POU","BOR_SAI"
"1720","MIC_POU","CAL_FIN"
"1721","MIC_POU","CAL_GLA"
"1722","MIC_POU","CAL_HYP"
"1723","MIC_POU","CLU_HAR"
"1724","MIC_POU","CYA_CAP"
"1725","MIC_POU","GAM_IND"
"1726","MIC_POU","GON_FAB"
"1727","MIC_POU","LIM_HEL"
"1728","MIC_POU","LIM_RET"
"1729","MIC_POU","LIP_FAB"
"1730","MIC_POU","LIP_MON"
"1731","MIC_POU","LUM_FAB"
"1732","MIC_POU","LUM_LAM"
"1733","MIC_POU","MAL_VIL"
"1734","MIC_POU","MAU_MUE"
"1735","MIC_POU","MEG_NOR"
"1736","MIC_POU","MEL_AEG"
"1737","MIC_POU","MIC_POU"
"1738","MIC_POU","OIK_SPP"
"1739","MIC_POU","PAN_BOR"
"1740","MIC_POU","PAR_NOR"
"1741","MIC_POU","PAR_SPP"
"1742","MIC_POU","ROS_SP"
"1743","MIC_POU","SAG_SPP"
"1744","MIC_POU","SEB_SPP"
"1745","MIC_POU","THE_ABY"
"1746","MIC_POU","THE_LIB"
"1747","MIC_POU","THY_INE"
"1748","MIC_POU","THY_LON"
"1749","MIC_POU","THY_RAS"
"1750","MIC_POU","TRI_ESM"
"1751","MIC_POU","PAR_GLA"
"1752","MIC_POU","LEP_MAC"
"1753","MIC_POU","NEM_MEG"
"1754","MIC_POU","NYC_COU"
"1755","MIC_SPP","DET_IND"
"1756","MIX_FLA","BAC_IND"
"1757","MOL_BOR","AUT_FLA"
"1758","MOL_BOR","DET_IND"
"1759","MOL_BOR","DIATOM"
"1760","MOL_BOR","HET_FLA"
"1761","MOL_BOR","MAC_IND"
"1762","MOL_BOR","PHY_IND"
"1763","MOL_MOL","ARG_SP"
"1764","MOL_MOL","GAD_MOR"
"1765","MOL_MOL","GON_FAB"
"1766","MOL_MOL","MIC_POU"
"1767","MOL_MOL","OPH_ACU"
"1768","MOL_MOL","OPH_BID"
"1769","MOL_MOL","OPH_SP"
"1770","MOL_MOL","ROS_SP"
"1771","MOL_MOL","THY_RAS"
"1772","MOL_MOL","TRI_ESM"
"1773","MON_MON","ARC_GLA"
"1774","MON_MON","ART_ATL"
"1775","MON_MON","BOR_SAI"
"1776","MON_MON","GON_FAB"
"1777","MON_MON","GYM_TRI"
"1778","MON_MON","ICE_SPP"
"1779","MON_MON","LIP_FAB"
"1780","MON_MON","LIP_GIB"
"1781","MON_MON","LIP_MON"
"1782","MON_MON","LYC_ESM"
"1783","MON_MON","LYC_EUD"
"1784","MON_MON","LYC_GRA"
"1785","MON_MON","LYC_PAL"
"1786","MON_MON","LYC_RET"
"1787","MON_MON","LYC_ROS"
"1788","MON_MON","LYC_SEM"
"1789","MON_MON","MAL_VIL"
"1790","MON_MON","MYO_SCO"
"1791","MON_MON","PAN_BOR"
"1792","MON_MON","REI_HIP"
"1793","MON_MON","SEB_MAR"
"1794","MON_MON","SEB_SPP"
"1795","MON_MON","TRI_MUR"
"1796","MON_MON","TRI_NYB"
"1797","MON_MON","TRI_PIN"
"1798","MUN_SPP","MEG_NOR"
"1799","MUN_SPP","DET_IND"
"1800","MYA_TRU","DET_IND"
"1801","MYA_TRU","PHY_IND"
"1802","MYO_SCO","CLU_HAR"
"1803","MYO_SCO","GAM_IND"
"1804","MYO_SCO","GAM_WIL"
"1805","MYO_SCO","POL_IND"
"1806","MYR_HEE","DET_IND"
"1807","NEM_MEG","PHY_IND"
"1808","NEP_SP","PHY_IND"
"1809","NYC_COU","DET_IND"
"1810","NYC_COU","DIATOM"
"1811","NYC_COU","PHY_IND"
"1812","NYC_COU","SAG_SPP"
"1813","ODO_ROS","AST_SP"
"1814","ODO_ROS","BOR_SAI"
"1815","ODO_ROS","BUC_SP"
"1816","ODO_ROS","CHL_ISL"
"1817","ODO_ROS","ERI_BAR"
"1818","ODO_ROS","HIA_ARC"
"1819","ODO_ROS","HYA_SP"
"1820","ODO_ROS","LIP_FAB"
"1821","ODO_ROS","LIP_GIB"
"1822","ODO_ROS","LIP_MON"
"1823","ODO_ROS","MYA_TRU"
"1824","ODO_ROS","MYO_SCO"
"1825","ODO_ROS","PAG_SP"
"1826","ODO_ROS","PHO_HIS"
"1827","ODO_ROS","POL_IND"
"1828","ODO_ROS","SCL_SP"
"1829","ODO_ROS","STRO_SP"
"1830","ODO_ROS","PAG_GRO"
"1831","ODO_ROS","CHI_OPI"
"1832","OIK_DIO","BAC_IND"
"1833","OIK_DIO","DIATOM"
"1834","OIK_DIO","PHY_IND"
"1835","OIK_SPP","BAC_IND"
"1836","OIK_SPP","PHY_IND"
"1837","OIK_VAN","BAC_IND"
"1838","OIK_VAN","PHY_IND"
"1839","OIT_SIM","DIATOM"
"1840","OIT_SIM","PHY_IND"
"1841","OIT_SPI","PHY_IND"
"1842","ONC_BOR","PHY_IND"
"1843","ONI_GLA","BAC_IND"
"1844","ONI_GLA","CAL_FIN"
"1845","ONI_GLA","CAL_GLA"
"1846","ONI_GLA","CAL_HYP"
"1847","ONI_GLA","DET_IND"
"1848","ONI_GLA","ICE_ALG"
"1849","ONI_GLA","PROZOO"
"1850","ONI_NAN","BAC_IND"
"1851","ONI_NAN","DET_IND"
"1852","ONI_NAN","ICE_ALG"
"1853","ONI_NAN","PHY_IND"
"1854","ONI_NAN","PROZOO"
"1855","OPH_ACU","DET_IND"
"1856","OPH_ACU","PHY_IND"
"1857","OPH_BID","DET_IND"
"1858","OPH_BID","FOR_IND"
"1859","OPH_BID","GAM_IND"
"1860","OPH_BOR","DET_IND"
"1861","OPH_BOR","PHY_IND"
"1862","OPH_GLA","DET_IND"
"1863","OPH_SER","DET_IND"
"1864","OPH_SP","AGL_MAL"
"1865","OPH_SP","DET_IND"
"1866","OPH_SP","GAM_IND"
"1867","OPH_SP","HYA_SP"
"1868","OPH_SP","PHY_IND"
"1869","OPH_SP","POL_IND"
"1870","OPH_SP","POLY_IND"
"1871","ORC_ORC","ALL_ALL"
"1872","ORC_ORC","BAL_MYS"
"1873","ORC_ORC","BAL_ACU"
"1874","ORC_ORC","CLU_HAR"
"1875","ORC_ORC","FRA_ARC"
"1876","ORC_ORC","FUL_GLA"
"1877","ORC_ORC","GAD_MOR"
"1878","ORC_ORC","HAL_GRY"
"1879","ORC_ORC","HIP_HIP"
"1880","ORC_ORC","PHO_VIT"
"1881","ORC_ORC","PHO_PHO"
"1882","ORC_ORC","POL_VIR"
"1883","ORC_ORC","SCO_SCO"
"1884","ORC_ORC","ODO_ROS"
"1885","ORC_ORC","PHO_HIS"
"1886","ORC_ORC","PAG_GRO"
"1887","ORC_ORC","CYS_CRI"
"1888","ORC_ORC","DEL_LEU"
"1889","ORC_ORC","MON_MON"
"1890","OST_IND","AUT_FLA"
"1891","OST_IND","BEN_LAR"
"1892","OST_IND","DET_IND"
"1893","OST_IND","DIATOM"
"1894","OST_IND","FOR_IND"
"1895","OST_IND","HET_FLA"
"1896","PAG_GRO","AMM_SPP"
"1897","PAG_GRO","ART_ATL"
"1898","PAG_GRO","BEN_GLA"
"1899","PAG_GRO","BOR_SAI"
"1900","PAG_GRO","CLU_HAR"
"1901","PAG_GRO","GAD_ARG"
"1902","PAG_GRO","GAD_MOR"
"1903","PAG_GRO","GAM_IND"
"1904","PAG_GRO","GAM_WIL"
"1905","PAG_GRO","GLY_CYN"
"1906","PAG_GRO","GON_FAB"
"1907","PAG_GRO","GYM_TRI"
"1908","PAG_GRO","HIP_PLA"
"1909","PAG_GRO","HIP_HIP"
"1910","PAG_GRO","ICE_SPP"
"1911","PAG_GRO","LIM_LIM"
"1912","PAG_GRO","LIP_FAB"
"1913","PAG_GRO","LIP_GIB"
"1914","PAG_GRO","LIP_MON"
"1915","PAG_GRO","LYC_ESM"
"1916","PAG_GRO","LYC_EUD"
"1917","PAG_GRO","LYC_GRA"
"1918","PAG_GRO","LYC_PAL"
"1919","PAG_GRO","LYC_RET"
"1920","PAG_GRO","LYC_ROS"
"1921","PAG_GRO","LYC_SEM"
"1922","PAG_GRO","MAL_VIL"
"1923","PAG_GRO","MEG_NOR"
"1924","PAG_GRO","MIC_KIT"
"1925","PAG_GRO","MYO_SCO"
"1926","PAG_GRO","PAN_BOR"
"1927","PAG_GRO","PLE_PLA"
"1928","PAG_GRO","REI_HIP"
"1929","PAG_GRO","SAB_SP"
"1930","PAG_GRO","SCL_SP"
"1931","PAG_GRO","THE_ABY"
"1932","PAG_GRO","THE_LIB"
"1933","PAG_GRO","THY_INE"
"1934","PAG_GRO","THY_LON"
"1935","PAG_GRO","THY_RAS"
"1936","PAG_GRO","TRI_MUR"
"1937","PAG_GRO","TRI_NYB"
"1938","PAG_GRO","TRI_PIN"
"1939","PAG_GRO","TRI_ESM"
"1940","PAG_SP","DET_IND"
"1941","PAG_SP","PHY_IND"
"1942","PAN_BOR","ARR_PHY"
"1943","PAN_BOR","BEN_LAR"
"1944","PAN_BOR","CAL_FIN"
"1945","PAN_BOR","CAL_GLA"
"1946","PAN_BOR","CAL_HYP"
"1947","PAN_BOR","DET_IND"
"1948","PAN_BOR","FOR_IND"
"1949","PAN_BOR","LUM_SP"
"1950","PAN_BOR","MEG_NOR"
"1951","PAN_BOR","NYC_COU"
"1952","PAN_BOR","OIT_SIM"
"1953","PAN_BOR","OIT_SPI"
"1954","PAN_BOR","OST_IND"
"1955","PAN_BOR","PAN_BOR"
"1956","PAN_BOR","PAR_JEF"
"1957","PAN_BOR","PHY_IND"
"1958","PAN_BOR","POL_IND"
"1959","PAN_BOR","PSE_SPP"
"1960","PAN_BOR","SAG_SPP"
"1961","PAN_BOR","SPI_TYP"
"1962","PAN_BOR","TER_STRO"
"1963","PAN_BOR","THE_ABY"
"1964","PAN_BOR","THE_LIB"
"1965","PAN_BOR","THY_INE"
"1966","PAN_BOR","THY_RAS"
"1967","PAR_BAT","THE_ABY"
"1968","PAR_BAT","THE_LIB"
"1969","PAR_CAM","AGL_MAL"
"1970","PAR_CAM","AMM_SPP"
"1971","PAR_CAM","APH_MAR"
"1972","PAR_CAM","ARR_PHY"
"1973","PAR_CAM","ISO_IND"
"1974","PAR_CAM","AST_RUB"
"1975","PAR_CAM","AST_SP"
"1976","PAR_CAM","BAL_SP"
"1977","PAR_CAM","BRY_IND"
"1978","PAR_CAM","BUC_SP"
"1979","PAR_CAM","CHA_SP"
"1980","PAR_CAM","CHI_OPI"
"1981","PAR_CAM","CHL_ISL"
"1982","PAR_CAM","CHO_SP"
"1983","PAR_CAM","CIO_INT"
"1984","PAR_CAM","COL_SP"
"1985","PAR_CAM","CRO_PAP"
"1986","PAR_CAM","CTE_CRI"
"1987","PAR_CAM","CYC_LUM"
"1988","PAR_CAM","DET_IND"
"1989","PAR_CAM","DIATOM"
"1990","PAR_CAM","EUC_IND"
"1991","PAR_CAM","FOR_IND"
"1992","PAR_CAM","GAL_SP"
"1993","PAR_CAM","GAM_IND"
"1994","PAR_CAM","GOR_SP"
"1995","PAR_CAM","HET_FIL"
"1996","PAR_CAM","HYA_SP"
"1997","PAR_CAM","LUM_MIN"
"1998","PAR_CAM","LUM_SP"
"1999","PAR_CAM","MAC_IND"
"2000","PAR_CAM","MAC_SP"
"2001","PAR_CAM","MAL_SAR"
"2002","PAR_CAM","MAL_VIL"
"2003","PAR_CAM","MEN_FER"
"2004","PAR_CAM","MOL_BOR"
"2005","PAR_CAM","OPH_ACU"
"2006","PAR_CAM","OPH_BID"
"2007","PAR_CAM","OPH_BOR"
"2008","PAR_CAM","OPH_GLA"
"2009","PAR_CAM","OPH_SER"
"2010","PAR_CAM","OPH_SP"
"2011","PAR_CAM","OST_IND"
"2012","PAR_CAM","PAG_SP"
"2013","PAR_CAM","PAN_BOR"
"2014","PAR_CAM","PAR_CAM"
"2015","PAR_CAM","PAR_JEF"
"2016","PAR_CAM","PHA_STR"
"2017","PAR_CAM","POLY_IND"
"2018","PAR_CAM","PON_TEN"
"2019","PAR_CAM","PRI_CIR"
"2020","PAR_CAM","PYC_G_SP"
"2021","PAR_CAM","SCA_INF"
"2022","PAR_CAM","SCL_SP"
"2023","PAR_CAM","SIM_GRE"
"2024","PAR_CAM","SPI_TYP"
"2025","PAR_CAM","STRO_SP"
"2026","PAR_CAM","THY_GOU"
"2027","PAR_CAM","THY_INE"
"2028","PAR_CAM","THY_LON"
"2029","PAR_CAM","THY_RAS"
"2030","PAR_CAM","URA_LIN"
"2031","PAR_CAM","YOL_SOL"
"2032","PAR_GLA","CAL_FIN"
"2033","PAR_GLA","CAL_GLA"
"2034","PAR_GLA","CAL_HYP"
"2035","PAR_GLA","MET_LON"
"2036","PAR_GLA","MET_LUC"
"2037","PAR_JEF","DET_IND"
"2038","PAR_NOR","CAL_FIN"
"2039","PAR_NOR","CAL_GLA"
"2040","PAR_NOR","CAL_HYP"
"2041","PAR_NOR","MET_LON"
"2042","PAR_NOR","MET_LUC"
"2043","PAR_SPP","CAL_FIN"
"2044","PAR_SPP","CAL_GLA"
"2045","PAR_SPP","CAL_HYP"
"2046","PAR_SPP","MET_LON"
"2047","PAR_SPP","MET_LUC"
"2048","PAR_SPP","PSE_SPP"
"2049","PHA_STR","DET_IND"
"2050","PHA_STR","DIATOM"
"2051","PHO_HIS","AMM_SPP"
"2052","PHO_HIS","ANI_MED"
"2053","PHO_HIS","ARC_GLA"
"2054","PHO_HIS","ART_ATL"
"2055","PHO_HIS","BOR_SAI"
"2056","PHO_HIS","FI_LA"
"2057","PHO_HIS","GAD_MOR"
"2058","PHO_HIS","GAM_IND"
"2059","PHO_HIS","GAM_WIL"
"2060","PHO_HIS","GON_FAB"
"2061","PHO_HIS","GYM_TRI"
"2062","PHO_HIS","ICE_SPP"
"2063","PHO_HIS","LEP_MAC"
"2064","PHO_HIS","LIP_FAB"
"2065","PHO_HIS","LIP_GIB"
"2066","PHO_HIS","LIP_MON"
"2067","PHO_HIS","LUM_FAB"
"2068","PHO_HIS","LUM_LAM"
"2069","PHO_HIS","LYC_ESM"
"2070","PHO_HIS","LYC_GRA"
"2071","PHO_HIS","LYC_RET"
"2072","PHO_HIS","LYC_SEM"
"2073","PHO_HIS","MAL_VIL"
"2074","PHO_HIS","MEG_NOR"
"2075","PHO_HIS","MET_LON"
"2076","PHO_HIS","MYO_SCO"
"2077","PHO_HIS","NEM_MEG"
"2078","PHO_HIS","NYC_COU"
"2079","PHO_HIS","ONI_GLA"
"2080","PHO_HIS","PAN_BOR"
"2081","PHO_HIS","SAB_SP"
"2082","PHO_HIS","SCL_SP"
"2083","PHO_HIS","SEB_MAR"
"2084","PHO_HIS","SEB_MEN"
"2085","PHO_HIS","SEB_SPP"
"2086","PHO_HIS","THE_LIB"
"2087","PHO_HIS","THY_INE"
"2088","PHO_HIS","THY_LON"
"2089","PHO_HIS","TRI_MUR"
"2090","PHO_HIS","TRI_NYB"
"2091","PHO_HIS","TRI_PIN"
"2092","PHO_PHO","AMM_SPP"
"2093","PHO_PHO","ANA_LUP"
"2094","PHO_PHO","ARG_SP"
"2095","PHO_PHO","ARR_PHY"
"2096","PHO_PHO","BEN_GLA"
"2097","PHO_PHO","BOR_SAI"
"2098","PHO_PHO","BRO_BRO"
"2099","PHO_PHO","CLU_HAR"
"2100","PHO_PHO","CYC_LUM"
"2101","PHO_PHO","ENC_CIM"
"2102","PHO_PHO","GAD_ARG"
"2103","PHO_PHO","GAD_MOR"
"2104","PHO_PHO","GAI_ARG"
"2105","PHO_PHO","GAM_IND"
"2106","PHO_PHO","GAM_WIL"
"2107","PHO_PHO","GLY_CYN"
"2108","PHO_PHO","GON_FAB"
"2109","PHO_PHO","HIP_PLA"
"2110","PHO_PHO","LEP_MAC"
"2111","PHO_PHO","LIM_LIM"
"2112","PHO_PHO","LIP_MON"
"2113","PHO_PHO","LUM_LAM"
"2114","PHO_PHO","LYC_ESM"
"2115","PHO_PHO","LYC_EUD"
"2116","PHO_PHO","LYC_GRA"
"2117","PHO_PHO","LYC_PAL"
"2118","PHO_PHO","LYC_RET"
"2119","PHO_PHO","LYC_ROS"
"2120","PHO_PHO","LYC_SEM"
"2121","PHO_PHO","MAL_VIL"
"2122","PHO_PHO","MAU_MUE"
"2123","PHO_PHO","MEG_NOR"
"2124","PHO_PHO","MEL_AEG"
"2125","PHO_PHO","MER_MER"
"2126","PHO_PHO","MIC_POU"
"2127","PHO_PHO","MIC_KIT"
"2128","PHO_PHO","MOL_MOL"
"2129","PHO_PHO","NEM_MEG"
"2130","PHO_PHO","NYC_COU"
"2131","PHO_PHO","PAN_BOR"
"2132","PHO_PHO","PLE_PLA"
"2133","PHO_PHO","POL_POL"
"2134","PHO_PHO","POL_VIR"
"2135","PHO_PHO","REI_HIP"
"2136","PHO_PHO","ROS_SP"
"2137","PHO_PHO","SCO_SCO"
"2138","PHO_PHO","SEB_MAR"
"2139","PHO_PHO","THY_INE"
"2140","PHO_PHO","THY_LON"
"2141","PHO_PHO","THY_RAS"
"2142","PHO_PHO","TRI_ESM"
"2143","PHO_VIT","AMM_SPP"
"2144","PHO_VIT","ART_ATL"
"2145","PHO_VIT","CHI_OPI"
"2146","PHO_VIT","CLU_HAR"
"2147","PHO_VIT","GLY_CYN"
"2148","PHO_VIT","GON_FAB"
"2149","PHO_VIT","GYM_TRI"
"2150","PHO_VIT","HIP_PLA"
"2151","PHO_VIT","HYA_SP"
"2152","PHO_VIT","ICE_SPP"
"2153","PHO_VIT","LYC_KOL"
"2154","PHO_VIT","LYC_ESM"
"2155","PHO_VIT","LYC_EUD"
"2156","PHO_VIT","LYC_GRA"
"2157","PHO_VIT","LYC_PAL"
"2158","PHO_VIT","LYC_RET"
"2159","PHO_VIT","LYC_ROS"
"2160","PHO_VIT","LYC_SEM"
"2161","PHO_VIT","MAL_VIL"
"2162","PHO_VIT","MEL_AEG"
"2163","PHO_VIT","MER_MER"
"2164","PHO_VIT","MYO_SCO"
"2165","PHO_VIT","PAG_SP"
"2166","PHO_VIT","PAN_BOR"
"2167","PHO_VIT","PLE_PLA"
"2168","PHO_VIT","POL_VIR"
"2169","PHO_VIT","PON_NOR"
"2170","PHO_VIT","ROS_SP"
"2171","PHO_VIT","SAB_SP"
"2172","PHO_VIT","SCL_SP"
"2173","PHO_VIT","SCO_SCO"
"2174","PHO_VIT","SEB_MAR"
"2175","PHO_VIT","SEB_MEN"
"2176","PHO_VIT","SEB_SPP"
"2177","PHO_VIT","TRI_MUR"
"2178","PHO_VIT","TRI_NYB"
"2179","PHO_VIT","TRI_PIN"
"2180","PHO_VIT","TRI_ESM"
"2181","PHY_MAC","GON_FAB"
"2182","PHY_MAC","POL_VIR"
"2183","PHY_MAC","SEB_SPP"
"2184","PHY_MAC","CYC_LUM"
"2185","PLE_PLA","AMM_SPP"
"2186","PLE_PLA","AST_RUB"
"2187","PLE_PLA","AST_SP"
"2188","PLE_PLA","BAL_SP"
"2189","PLE_PLA","BUC_SP"
"2190","PLE_PLA","CHL_ISL"
"2191","PLE_PLA","CUC_FRO"
"2192","PLE_PLA","FI_LA"
"2193","PLE_PLA","GAM_IND"
"2194","PLE_PLA","GAM_WIL"
"2195","PLE_PLA","LUM_SP"
"2196","PLE_PLA","MAC_SP"
"2197","PLE_PLA","MAL_SAR"
"2198","PLE_PLA","MEG_NOR"
"2199","PLE_PLA","MEL_AEG"
"2200","PLE_PLA","OPH_ACU"
"2201","PLE_PLA","OPH_SP"
"2202","PLE_PLA","OST_IND"
"2203","PLE_PLA","PAG_SP"
"2204","PLE_PLA","PAN_BOR"
"2205","PLE_PLA","POL_IND"
"2206","PLE_PLA","SPI_TYP"
"2207","PLE_PLA","STRO_SP"
"2208","PLE_PLA","TER_STRO"
"2209","PLE_PLA","THY_GOU"
"2210","PLE_PLA","THY_INE"
"2211","PLE_PLA","THY_LON"
"2212","PLE_PLA","THY_RAS"
"2213","PLE_PLA","TRI_ESM"
"2214","PLE_PLA","YOL_SOL"
"2215","POL_IND","DET_IND"
"2216","POL_POL","AMM_SPP"
"2217","POL_POL","CAL_FIN"
"2218","POL_POL","CAL_GLA"
"2219","POL_POL","CAL_HYP"
"2220","POL_POL","CLU_HAR"
"2221","POL_POL","FI_LA"
"2222","POL_POL","GAD_MOR"
"2223","POL_POL","GON_FAB"
"2224","POL_POL","MEG_NOR"
"2225","POL_POL","MEL_AEG"
"2226","POL_POL","MET_LON"
"2227","POL_POL","MIC_SPP"
"2228","POL_POL","OIT_SIM"
"2229","POL_POL","PAN_BOR"
"2230","POL_POL","ROS_SP"
"2231","POL_POL","THY_LON"
"2232","POL_POL","THY_RAS"
"2233","POL_POL","TRI_ESM"
"2234","POL_VIR","ACA_SPP"
"2235","POL_VIR","AMM_SPP"
"2236","POL_VIR","ARC_RIS"
"2237","POL_VIR","ARG_SP"
"2238","POL_VIR","BAL_SP"
"2239","POL_VIR","CAL_FIN"
"2240","POL_VIR","CAL_GLA"
"2241","POL_VIR","CAL_HYP"
"2242","POL_VIR","CLU_HAR"
"2243","POL_VIR","GAD_ARG"
"2244","POL_VIR","GAD_MOR"
"2245","POL_VIR","GLY_CYN"
"2246","POL_VIR","HIP_PLA"
"2247","POL_VIR","HYA_SP"
"2248","POL_VIR","MAL_VIL"
"2249","POL_VIR","MAU_MUE"
"2250","POL_VIR","MEG_NOR"
"2251","POL_VIR","MEL_AEG"
"2252","POL_VIR","MET_LON"
"2253","POL_VIR","MIC_POU"
"2254","POL_VIR","MYO_SCO"
"2255","POL_VIR","OIT_SIM"
"2256","POL_VIR","OST_IND"
"2257","POL_VIR","PAN_BOR"
"2258","POL_VIR","POL_VIR"
"2259","POL_VIR","PSE_SPP"
"2260","POL_VIR","SEB_SPP"
"2261","POL_VIR","THE_ABY"
"2262","POL_VIR","THE_LIB"
"2263","POL_VIR","THY_INE"
"2264","POL_VIR","THY_LON"
"2265","POL_VIR","THY_RAS"
"2266","POL_VIR","TRI_ESM"
"2267","POL_VIR","BOR_SAI"
"2268","POL_VIR","CLI_LIM"
"2269","POL_VIR","LIM_RET"
"2270","POL_VIR","POL_IND"
"2271","POLY_IND","BRY_IND"
"2272","POLY_IND","CHO_SP"
"2273","POLY_IND","DET_IND"
"2274","POLY_IND","DIATOM"
"2275","POLY_IND","FOR_IND"
"2276","POLY_IND","GAM_IND"
"2277","POLY_IND","LUM_SP"
"2278","POLY_IND","MOL_BOR"
"2279","POLY_IND","OST_IND"
"2280","POLY_IND","POL_IND"
"2281","POLY_IND","POLY_IND"
"2282","POLY_IND","POR_G_SP"
"2283","PON_NOR","CAL_FIN"
"2284","PON_NOR","CAL_GLA"
"2285","PON_NOR","CAL_HYP"
"2286","PON_NOR","MET_LON"
"2287","PON_NOR","MIC_SPP"
"2288","PON_NOR","OIT_SIM"
"2289","PON_TEN","DET_IND"
"2290","PON_TEN","DIATOM"
"2291","POR_G_SP","BAC_IND"
"2292","POR_G_SP","PHY_IND"
"2293","PRI_CIR","DET_IND"
"2294","PRI_CIR","DIATOM"
"2295","PROZOO","AUT_FLA"
"2296","PROZOO","BAC_IND"
"2297","PROZOO","HET_FLA"
"2298","PROZOO","MIX_FLA"
"2299","PROZOO","PHY_IND"
"2300","PROZOO","PROZOO"
"2301","PSE_SPP","DET_IND"
"2302","PSE_SPP","DIATOM"
"2303","PSE_SPP","ICE_ALG"
"2304","PSE_SPP","AUT_FLA"
"2305","PSE_SPP","HET_FLA"
"2306","PSE_SPP","PHY_IND"
"2307","PYC_G_SP","BRY_IND"
"2308","PYC_G_SP","DET_IND"
"2309","PYC_G_SP","ELE_ARC"
"2310","PYC_G_SP","GEO_SP"
"2311","PYC_G_SP","PHY_IND"
"2312","PYC_G_SP","POL_IND"
"2313","PYC_G_SP","POR_G_SP"
"2314","RAJ_FYL","MAL_VIL"
"2315","RAJ_FYL","PAN_BOR"
"2316","RAJ_FYL","PAR_CAM"
"2317","RAJ_FYL","SAB_SP"
"2318","RAJ_FYL","THY_INE"
"2319","RAJ_FYL","THY_LON"
"2320","RAJ_FYL","THY_RAS"
"2321","RAJ_FYL","GAM_IND"
"2322","RAJ_FYL","MEG_NOR"
"2323","RAJ_FYL","POL_IND"
"2324","RAJ_FYL","MUN_SPP"
"2325","REI_HIP","AMM_SPP"
"2326","REI_HIP","ARC_RIS"
"2327","REI_HIP","BOR_SAI"
"2328","REI_HIP","CLU_HAR"
"2329","REI_HIP","COT_MIC"
"2330","REI_HIP","ENC_CIM"
"2331","REI_HIP","GAD_MOR"
"2332","REI_HIP","GAI_ARG"
"2333","REI_HIP","GAM_IND"
"2334","REI_HIP","GON_FAB"
"2335","REI_HIP","HIP_HIP"
"2336","REI_HIP","HIP_PLA"
"2337","REI_HIP","LYC_SEM"
"2338","REI_HIP","MAL_VIL"
"2339","REI_HIP","MEG_NOR"
"2340","REI_HIP","MIC_POU"
"2341","REI_HIP","OPH_SP"
"2342","REI_HIP","PAN_BOR"
"2343","REI_HIP","POL_IND"
"2344","REI_HIP","PON_NOR"
"2345","REI_HIP","POR_G_SP"
"2346","REI_HIP","REI_HIP"
"2347","REI_HIP","SAB_SP"
"2348","REI_HIP","SEB_MAR"
"2349","REI_HIP","SEB_MEN"
"2350","REI_HIP","SEB_SPP"
"2351","REI_HIP","THE_LIB"
"2352","REI_HIP","ARG_SP"
"2353","REI_HIP","CTE_CRI"
"2354","REI_HIP","LEP_MAC"
"2355","REI_HIP","LIP_FAB"
"2356","REI_HIP","LIM_HEL"
"2357","REI_HIP","ANO_SPP"
"2358","REI_HIP","LYC_PAL"
"2359","REI_HIP","MEL_AEG"
"2360","REI_HIP","DET_IND"
"2361","RHA_SP","DET_IND"
"2362","RHA_SP","DIATOM"
"2363","RHA_SP","PHY_IND"
"2364","RIS_TRI","BOR_SAI"
"2365","RIS_TRI","GAD_MOR"
"2366","RIS_TRI","GON_FAB"
"2367","RIS_TRI","MAL_VIL"
"2368","RIS_TRI","MEG_NOR"
"2369","RIS_TRI","ROS_SP"
"2370","RIS_TRI","SEB_MAR"
"2371","RIS_TRI","SEB_MEN"
"2372","RIS_TRI","THY_INE"
"2373","RIS_TRI","THY_LON"
"2374","RIS_TRI","THY_RAS"
"2375","ROS_SP","ARR_PHY"
"2376","ROS_SP","FI_LA"
"2377","ROS_SP","POL_IND"
"2378","ROS_SP","RHA_SP"
"2379","ROS_SP","SCL_SP"
"2380","SAB_SP","CAL_FIN"
"2381","SAB_SP","CAL_GLA"
"2382","SAB_SP","CAL_HYP"
"2383","SAB_SP","MET_LON"
"2384","SAB_SP","MIC_SPP"
"2385","SAB_SP","OIT_SIM"
"2386","SAB_SP","PHY_IND"
"2387","SAG_SPP","ACA_SPP"
"2388","SAG_SPP","AUT_FLA"
"2389","SAG_SPP","CAL_FIN"
"2390","SAG_SPP","CAL_GLA"
"2391","SAG_SPP","CAL_HYP"
"2392","SAG_SPP","CLI_LIM"
"2393","SAG_SPP","EUC_IND"
"2394","SAG_SPP","FI_LA"
"2395","SAG_SPP","FOR_IND"
"2396","SAG_SPP","LIM_HEL"
"2397","SAG_SPP","LIM_RET"
"2398","SAG_SPP","MET_LON"
"2399","SAG_SPP","OIK_SPP"
"2400","SAG_SPP","OIT_SIM"
"2401","SAG_SPP","PHY_IND"
"2402","SAG_SPP","PSE_SPP"
"2403","SAR_SPP","ACA_SPP"
"2404","SAR_SPP","CAL_FIN"
"2405","SAR_SPP","OIT_SIM"
"2406","SAR_SPP","PSE_SPP"
"2407","SAR_SPP","SAG_SPP"
"2408","SCA_INF","DET_IND"
"2409","SCA_INF","DIATOM"
"2410","SCL_SP","AUT_FLA"
"2411","SCL_SP","BAL_SP"
"2412","SCL_SP","HYD_IND"
"2413","SCL_SP","OPH_ACU"
"2414","SCL_SP","OPH_BOR"
"2415","SCL_SP","OPH_GLA"
"2416","SCL_SP","OPH_SP"
"2417","SCL_SP","POL_IND"
"2418","SCL_SP","STRO_SP"
"2419","SCO_SCO","ACA_SPP"
"2420","SCO_SCO","AMM_SPP"
"2421","SCO_SCO","APH_GLA"
"2422","SCO_SCO","ARG_SP"
"2423","SCO_SCO","CAL_FIN"
"2424","SCO_SCO","CLI_LIM"
"2425","SCO_SCO","FI_LA"
"2426","SCO_SCO","GAM_IND"
"2427","SCO_SCO","LIM_HEL"
"2428","SCO_SCO","LIM_RET"
"2429","SCO_SCO","MEG_NOR"
"2430","SCO_SCO","MIC_POU"
"2431","SCO_SCO","NYC_COU"
"2432","SCO_SCO","PAN_BOR"
"2433","SCO_SCO","THE_ABY"
"2434","SCO_SCO","THE_LIB"
"2435","SCO_SCO","THY_INE"
"2436","SCO_SCO","THY_LON"
"2437","SCO_SCO","THY_RAS"
"2438","SEB_MAR","CAL_HYP"
"2439","SEB_MAR","CLU_HAR"
"2440","SEB_MAR","GAD_MOR"
"2441","SEB_MAR","MAL_VIL"
"2442","SEB_MAR","MEG_NOR"
"2443","SEB_MAR","MER_OVU"
"2444","SEB_MAR","PAN_BOR"
"2445","SEB_MAR","REI_HIP"
"2446","SEB_MAR","THY_INE"
"2447","SEB_MAR","THY_LON"
"2448","SEB_MAR","THY_RAS"
"2449","SEB_MEN","ACT_G_SP"
"2450","SEB_MEN","APH_GLA"
"2451","SEB_MEN","ARC_RIS"
"2452","SEB_MEN","ARR_PHY"
"2453","SEB_MEN","AST_SP"
"2454","SEB_MEN","BAT_GLA"
"2455","SEB_MEN","BER_SP"
"2456","SEB_MEN","BOL_INF"
"2457","SEB_MEN","BOR_SAI"
"2458","SEB_MEN","CAL_FIN"
"2459","SEB_MEN","CAL_GLA"
"2460","SEB_MEN","CAL_HYP"
"2461","SEB_MEN","CLI_LIM"
"2462","SEB_MEN","CLU_HAR"
"2463","SEB_MEN","CUC_FRO"
"2464","SEB_MEN","FI_LA"
"2465","SEB_MEN","GAD_MOR"
"2466","SEB_MEN","GAM_IND"
"2467","SEB_MEN","GAM_WIL"
"2468","SEB_MEN","HIP_PLA"
"2469","SEB_MEN","HYA_SP"
"2470","SEB_MEN","LIM_HEL"
"2471","SEB_MEN","LIM_RET"
"2472","SEB_MEN","MAC_SP"
"2473","SEB_MEN","MAL_VIL"
"2474","SEB_MEN","MEG_NOR"
"2475","SEB_MEN","MEL_AEG"
"2476","SEB_MEN","MEN_FER"
"2477","SEB_MEN","MER_OVU"
"2478","SEB_MEN","MET_LON"
"2479","SEB_MEN","MIC_POU"
"2480","SEB_MEN","MIC_SPP"
"2481","SEB_MEN","MOL_BOR"
"2482","SEB_MEN","OIK_DIO"
"2483","SEB_MEN","OIK_SPP"
"2484","SEB_MEN","OIK_VAN"
"2485","SEB_MEN","OIT_SIM"
"2486","SEB_MEN","ONI_GLA"
"2487","SEB_MEN","ONI_NAN"
"2488","SEB_MEN","PAN_BOR"
"2489","SEB_MEN","PAR_GLA"
"2490","SEB_MEN","PAR_NOR"
"2491","SEB_MEN","PAR_SPP"
"2492","SEB_MEN","POL_VIR"
"2493","SEB_MEN","PSE_SPP"
"2494","SEB_MEN","RHA_SP"
"2495","SEB_MEN","SAG_SPP"
"2496","SEB_MEN","SEB_MAR"
"2497","SEB_MEN","SEB_MEN"
"2498","SEB_MEN","SEB_SPP"
"2499","SEB_MEN","SEB_VIV"
"2500","SEB_MEN","STI_TRE"
"2501","SEB_MEN","THE_ABY"
"2502","SEB_MEN","THE_LIB"
"2503","SEB_MEN","THY_GOU"
"2504","SEB_MEN","THY_INE"
"2505","SEB_MEN","THY_LON"
"2506","SEB_MEN","THY_RAS"
"2507","SEB_MEN","YOL_SOL"
"2508","SEB_MEN","CAR_SPP"
"2509","SEB_MEN","TRI_ESM"
"2510","SEB_SPP","AMM_SPP"
"2511","SEB_SPP","CAL_FIN"
"2512","SEB_SPP","CLI_LIM"
"2513","SEB_SPP","GAM_IND"
"2514","SEB_SPP","MEG_NOR"
"2515","SEB_SPP","MET_LON"
"2516","SEB_SPP","OIK_SPP"
"2517","SEB_SPP","OIK_VAN"
"2518","SEB_SPP","PAN_BOR"
"2519","SEB_SPP","PAR_NOR"
"2520","SEB_SPP","POL_IND"
"2521","SEB_SPP","REI_HIP"
"2522","SEB_SPP","SAG_SPP"
"2523","SEB_SPP","THE_ABY"
"2524","SEB_SPP","THE_LIB"
"2525","SEB_SPP","THY_INE"
"2526","SEB_VIV","CAL_FIN"
"2527","SEB_VIV","GAM_IND"
"2528","SEB_VIV","PAN_BOR"
"2529","SEB_VIV","PYC_G_SP"
"2530","SEB_VIV","THE_ABY"
"2531","SEB_VIV","THE_LIB"
"2532","SEB_VIV","THY_INE"
"2533","SIM_GRE","DET_IND"
"2534","SIM_GRE","DIATOM"
"2535","SIM_GRE","PHY_IND"
"2536","SOM_MIC","ANA_DEN"
"2537","SOM_MIC","ANA_LUP"
"2538","SOM_MIC","ANA_MIN"
"2539","SOM_MIC","ARG_SP"
"2540","SOM_MIC","ART_ATL"
"2541","SOM_MIC","ASC_G_SP"
"2542","SOM_MIC","AUR_AUR"
"2543","SOM_MIC","BOL_INF"
"2544","SOM_MIC","BOR_SAI"
"2545","SOM_MIC","BRO_BRO"
"2546","SOM_MIC","CAR_SPP"
"2547","SOM_MIC","CLU_HAR"
"2548","SOM_MIC","COT_MIC"
"2549","SOM_MIC","CYC_LUM"
"2550","SOM_MIC","CYS_CRI"
"2551","SOM_MIC","ERI_BAR"
"2552","SOM_MIC","EUP_FLAM"
"2553","SOM_MIC","GAD_MOR"
"2554","SOM_MIC","GON_FAB"
"2555","SOM_MIC","GOR_SP"
"2556","SOM_MIC","HIP_HIP"
"2557","SOM_MIC","HIP_PLA"
"2558","SOM_MIC","HYA_SP"
"2559","SOM_MIC","LEP_DEC"
"2560","SOM_MIC","LIM_LIM"
"2561","SOM_MIC","LIP_FAB"
"2562","SOM_MIC","LIP_GIB"
"2563","SOM_MIC","LIP_MON"
"2564","SOM_MIC","LYC_EUD"
"2565","SOM_MIC","MAL_VIL"
"2566","SOM_MIC","MEL_AEG"
"2567","SOM_MIC","MER_OVU"
"2568","SOM_MIC","MOL_MOL"
"2569","SOM_MIC","OPH_ACU"
"2570","SOM_MIC","OPH_SP"
"2571","SOM_MIC","PAN_BOR"
"2572","SOM_MIC","PAR_BAT"
"2573","SOM_MIC","PHO_HIS"
"2574","SOM_MIC","PLE_PLA"
"2575","SOM_MIC","POL_IND"
"2576","SOM_MIC","POL_VIR"
"2577","SOM_MIC","REI_HIP"
"2578","SOM_MIC","SEB_MAR"
"2579","SOM_MIC","SEB_MEN"
"2580","SOM_MIC","SOM_MIC"
"2581","SOM_MIC","SQU_ACA"
"2582","SOM_MIC","STRO_SP"
"2583","SOM_MIC","TRI_NYB"
"2584","SOM_MIC","PHO_VIT"
"2585","SOM_MIC","PAG_GRO"
"2586","SOM_MIC","DEL_LEU"
"2587","SOM_MIC","PHO_PHO"
"2588","SER_IND","DET_IND"
"2589","SER_IND","PHY_IND"
"2590","SPI_KRO","DET_IND"
"2591","SPI_KRO","PHY_IND"
"2592","SPI_TYP","DET_IND"
"2593","SPI_TYP","PHY_IND"
"2594","SQU_ACA","AMM_SPP"
"2595","SQU_ACA","ANA_DEN"
"2596","SQU_ACA","ANA_LUP"
"2597","SQU_ACA","ANA_MIN"
"2598","SQU_ACA","AUR_AUR"
"2599","SQU_ACA","BOL_INF"
"2600","SQU_ACA","CLU_HAR"
"2601","SQU_ACA","EUP_FLAM"
"2602","SQU_ACA","GAD_MOR"
"2603","SQU_ACA","GON_FAB"
"2604","SQU_ACA","LIM_LIM"
"2605","SQU_ACA","MEL_AEG"
"2606","SQU_ACA","MER_OVU"
"2607","SQU_ACA","PLE_PLA"
"2608","SQU_ACA","REI_HIP"
"2609","STI_TRE","AUT_FLA"
"2610","STI_TRE","DET_IND"
"2611","STI_TRE","DIATOM"
"2612","STI_TRE","FOR_IND"
"2613","STI_TRE","HET_FLA"
"2614","STRO_SP","MAC_IND"
"2615","TER_STRO","AUT_FLA"
"2616","TER_STRO","DIATOM"
"2617","TER_STRO","HET_FLA"
"2618","TER_STRO","PHY_IND"
"2619","THE_ABY","CAL_FIN"
"2620","THE_ABY","CAL_GLA"
"2621","THE_ABY","CAL_HYP"
"2622","THE_ABY","MET_LON"
"2623","THE_ABY","MIC_SPP"
"2624","THE_ABY","OIK_VAN"
"2625","THE_ABY","OIT_SIM"
"2626","THE_ABY","PHY_IND"
"2627","THE_LIB","CAL_FIN"
"2628","THE_LIB","CAL_GLA"
"2629","THE_LIB","CAL_HYP"
"2630","THE_LIB","MET_LON"
"2631","THE_LIB","MIC_SPP"
"2632","THE_LIB","OIT_SIM"
"2633","THY_GOU","DIATOM"
"2634","THY_INE","AUT_FLA"
"2635","THY_INE","BEN_LAR"
"2636","THY_INE","CAL_FIN"
"2637","THY_INE","CAL_GLA"
"2638","THY_INE","CAL_HYP"
"2639","THY_INE","HET_FLA"
"2640","THY_LON","AUT_FLA"
"2641","THY_LON","CAL_FIN"
"2642","THY_LON","CAL_GLA"
"2643","THY_LON","CAL_HYP"
"2644","THY_LON","FI_LA"
"2645","THY_LON","HET_FLA"
"2646","THY_RAS","APH_GLA"
"2647","THY_RAS","AUT_FLA"
"2648","THY_RAS","CAL_FIN"
"2649","THY_RAS","CAL_GLA"
"2650","THY_RAS","CAL_HYP"
"2651","THY_RAS","FI_LA"
"2652","THY_RAS","HET_FLA"
"2653","THY_RAS","THY_RAS"
"2654","TRI_ESM","APH_GLA"
"2655","TRI_ESM","CAL_FIN"
"2656","TRI_ESM","CAL_GLA"
"2657","TRI_ESM","CAL_HYP"
"2658","TRI_ESM","ERY_SP"
"2659","TRI_ESM","EUK_HAM"
"2660","TRI_ESM","GAM_IND"
"2661","TRI_ESM","GAM_WIL"
"2662","TRI_ESM","LUM_SP"
"2663","TRI_ESM","MEG_NOR"
"2664","TRI_ESM","MET_LON"
"2665","TRI_ESM","OIT_SIM"
"2666","TRI_ESM","ONI_GLA"
"2667","TRI_ESM","ONI_NAN"
"2668","TRI_ESM","OPH_ACU"
"2669","TRI_ESM","OST_IND"
"2670","TRI_ESM","PAN_BOR"
"2671","TRI_ESM","PAR_NOR"
"2672","TRI_ESM","PON_NOR"
"2673","TRI_ESM","PSE_SPP"
"2674","TRI_ESM","ROS_SP"
"2675","TRI_ESM","SAG_SPP"
"2676","TRI_ESM","STRO_SP"
"2677","TRI_ESM","THE_ABY"
"2678","TRI_ESM","THE_LIB"
"2679","TRI_ESM","THY_INE"
"2680","TRI_ESM","THY_RAS"
"2681","TRI_MUR","CAL_FIN"
"2682","TRI_MUR","CAL_GLA"
"2683","TRI_MUR","CAL_HYP"
"2684","TRI_MUR","MAL_VIL"
"2685","TRI_MUR","PAN_BOR"
"2686","TRI_MUR","THE_LIB"
"2687","TRI_MUR","THY_INE"
"2688","TRI_MUR","FOR_IND"
"2689","TRI_MUR","GAM_IND"
"2690","TRI_MUR","ISO_IND"
"2691","TRI_MUR","MEG_NOR"
"2692","TRI_MUR","MET_LON"
"2693","TRI_MUR","THE_ABY"
"2694","TRI_MUR","POL_IND"
"2695","TRI_MUR","PYC_G_SP"
"2696","TRI_MUR","MUN_SPP"
"2697","TRI_NYB","CAL_HYP"
"2698","TRI_NYB","POL_IND"
"2699","TRI_NYB","THE_ABY"
"2700","TRI_NYB","THE_LIB"
"2701","TRI_NYB","CAL_FIN"
"2702","TRI_NYB","GAM_IND"
"2703","TRI_NYB","LIM_HEL"
"2704","TRI_NYB","MEG_NOR"
"2705","TRI_PIN","ASC_G_SP"
"2706","TRI_PIN","CAL_GLA"
"2707","TRI_PIN","CAL_HYP"
"2708","TRI_PIN","LIM_HEL"
"2709","TRI_PIN","POL_IND"
"2710","TRI_PIN","POLY_IND"
"2711","TRI_PIN","SAG_SPP"
"2712","TRI_PIN","THE_LIB"
"2713","TRI_PIN","THY_INE"
"2714","TRI_PIN","GAM_IND"
"2715","ULC_OLR","GAM_IND"
"2716","ULC_OLR","MAC_SP"
"2717","ULC_OLR","OST_IND"
"2718","ULC_OLR","POL_IND"
"2719","URA_LIN","DET_IND"
"2720","URI_AAL","AMM_SPP"
"2721","URI_AAL","CLU_HAR"
"2722","URI_AAL","GAD_MOR"
"2723","URI_AAL","GON_FAB"
"2724","URI_AAL","MAL_VIL"
"2725","URI_AAL","MEL_AEG"
"2726","URI_AAL","POL_VIR"
"2727","URI_LOM","AMM_SPP"
"2728","URI_LOM","BOR_SAI"
"2729","URI_LOM","MAL_VIL"
"2730","URI_LOM","SEB_SPP"
"2731","URS_MAR","CLU_HAR"
"2732","URS_MAR","DEL_LEU"
"2733","URS_MAR","ERI_BAR"
"2734","URS_MAR","GAD_MOR"
"2735","URS_MAR","ODO_ROS"
"2736","URS_MAR","PAG_GRO"
"2737","URS_MAR","PHO_HIS"
"2738","URS_MAR","PHO_VIT"
"2739","YOL_SOL","DET_IND"
"2740","PAR_CAM","SER_IND"
"2741","PAR_CAM","MUN_SPP"
"2742","PAR_CAM","CUM_SPP"
"2743","PAR_CAM","HYD_IND"
"2744","PAR_CAM","BAT_GLA"
"2745","ART_ATL","CUM_SPP"
"2746","LEP_DEC","CUM_SPP"
"2747","MEL_AEG","CUM_SPP"
"2748","LYC_GRA","CUM_SPP"
"2749","HIP_PLA","CUM_SPP"
"2750","LEP_MAC","CUM_SPP"
"2751","CUM_SPP","DET_IND"
